source,target,kind
CNNA.BuildAll,CNNA.Notation,internal
CNNA.BuildAll,CNNA.PillarA.BuildAll,internal
CNNA.Notation,CNNA.PillarA.Notation,internal
CNNA.PillarA,CNNA.PillarA.BuildAll,internal
CNNA.PillarA.Arithmetic.Actions.ActionFormatDecision,CNNA.PillarA.Arithmetic.Actions.GeneratorActionInventory,internal
CNNA.PillarA.Arithmetic.Actions.ActionPackage,CNNA.PillarA.Arithmetic.Core.BrightDtNSource,internal
CNNA.PillarA.Arithmetic.Actions.GeneratorActionInventory,CNNA.PillarA.Arithmetic.Actions.ActionPackage,internal
CNNA.PillarA.Arithmetic.BoundarySource.BoundarySourceConvergence,CNNA.PillarA.Arithmetic.BoundarySource.GeneratedSubstrateRoute,internal
CNNA.PillarA.Arithmetic.BoundarySource.BoundarySourceConvergence,CNNA.PillarA.Arithmetic.BoundarySource.RecursiveLevelHistoryRoute,internal
CNNA.PillarA.Arithmetic.BoundarySource.BoundarySourceDecisionLedger,CNNA.PillarA.Arithmetic.BoundarySource.GeneratedSubstrateRoute,internal
CNNA.PillarA.Arithmetic.BoundarySource.BoundarySourceInterface,CNNA.PillarA.Arithmetic.BoundarySource.BoundarySourceTypeDecision,internal
CNNA.PillarA.Arithmetic.BoundarySource.BoundarySourceTypeDecision,CNNA.PillarA.Arithmetic.BoundarySource.MultiSchurToLevelHistoryAdapter,internal
CNNA.PillarA.Arithmetic.BoundarySource.BoundaryStateSubstrate,CNNA.PillarA.Arithmetic.BoundarySource.GeneratedSubstrateRoute,internal
CNNA.PillarA.Arithmetic.BoundarySource.BranchAddressSubstrate,CNNA.PillarA.Arithmetic.BoundarySource.GeneratedSubstrateRoute,internal
CNNA.PillarA.Arithmetic.BoundarySource.ExistingIdealThreadNoGo,CNNA.PillarA.Arithmetic.Core.FullBoundaryAudit,internal
CNNA.PillarA.Arithmetic.BoundarySource.GeneratedSubstrateRoute,CNNA.PillarA.Arithmetic.BoundarySource.RecursiveLevelHistoryTypeDecision,internal
CNNA.PillarA.Arithmetic.BoundarySource.HistoryExpandedSubstrate,CNNA.PillarA.Arithmetic.BoundarySource.GeneratedSubstrateRoute,internal
CNNA.PillarA.Arithmetic.BoundarySource.InterfaceExposureSubstrate,CNNA.PillarA.Arithmetic.BoundarySource.GeneratedSubstrateRoute,internal
CNNA.PillarA.Arithmetic.BoundarySource.LevelHistoryIndex,CNNA.PillarA.Arithmetic.Core.Source,internal
CNNA.PillarA.Arithmetic.BoundarySource.LevelHistoryMatrix,CNNA.PillarA.Arithmetic.BoundarySource.RecursiveLevelHistoryCarrier,internal
CNNA.PillarA.Arithmetic.BoundarySource.LevelHistoryMatrix,CNNA.PillarA.Foundation.ExecComplex,internal
CNNA.PillarA.Arithmetic.BoundarySource.LevelStepWitness,CNNA.PillarA.Arithmetic.BoundarySource.LevelHistoryIndex,internal
CNNA.PillarA.Arithmetic.BoundarySource.MultiSchurToLevelHistoryAdapter,CNNA.PillarA.Arithmetic.BoundarySource.LevelHistoryMatrix,internal
CNNA.PillarA.Arithmetic.BoundarySource.RecursiveLevelHistoryCarrier,CNNA.PillarA.Arithmetic.BoundarySource.LevelStepWitness,internal
CNNA.PillarA.Arithmetic.BoundarySource.RecursiveLevelHistoryRoute,CNNA.PillarA.Arithmetic.BoundarySource.BoundarySourceInterface,internal
CNNA.PillarA.Arithmetic.BoundarySource.RecursiveLevelHistoryTypeDecision,CNNA.PillarA.Arithmetic.BoundarySource.BoundarySourceInterface,internal
CNNA.PillarA.Arithmetic.BuildAll,CNNA.PillarA.Arithmetic.Actions.ActionFormatDecision,internal
CNNA.PillarA.Arithmetic.BuildAll,CNNA.PillarA.Arithmetic.Actions.ActionPackage,internal
CNNA.PillarA.Arithmetic.BuildAll,CNNA.PillarA.Arithmetic.Actions.GeneratorActionInventory,internal
CNNA.PillarA.Arithmetic.BuildAll,CNNA.PillarA.Arithmetic.BoundarySource.BoundarySourceConvergence,internal
CNNA.PillarA.Arithmetic.BuildAll,CNNA.PillarA.Arithmetic.BoundarySource.BoundarySourceDecisionLedger,internal
CNNA.PillarA.Arithmetic.BuildAll,CNNA.PillarA.Arithmetic.BoundarySource.BoundarySourceInterface,internal
CNNA.PillarA.Arithmetic.BuildAll,CNNA.PillarA.Arithmetic.BoundarySource.BoundarySourceTypeDecision,internal
CNNA.PillarA.Arithmetic.BuildAll,CNNA.PillarA.Arithmetic.BoundarySource.BoundaryStateSubstrate,internal
CNNA.PillarA.Arithmetic.BuildAll,CNNA.PillarA.Arithmetic.BoundarySource.BranchAddressSubstrate,internal
CNNA.PillarA.Arithmetic.BuildAll,CNNA.PillarA.Arithmetic.BoundarySource.ExistingIdealThreadNoGo,internal
CNNA.PillarA.Arithmetic.BuildAll,CNNA.PillarA.Arithmetic.BoundarySource.GeneratedSubstrateRoute,internal
CNNA.PillarA.Arithmetic.BuildAll,CNNA.PillarA.Arithmetic.BoundarySource.HistoryExpandedSubstrate,internal
CNNA.PillarA.Arithmetic.BuildAll,CNNA.PillarA.Arithmetic.BoundarySource.InterfaceExposureSubstrate,internal
CNNA.PillarA.Arithmetic.BuildAll,CNNA.PillarA.Arithmetic.BoundarySource.LevelHistoryIndex,internal
CNNA.PillarA.Arithmetic.BuildAll,CNNA.PillarA.Arithmetic.BoundarySource.LevelHistoryMatrix,internal
CNNA.PillarA.Arithmetic.BuildAll,CNNA.PillarA.Arithmetic.BoundarySource.LevelStepWitness,internal
CNNA.PillarA.Arithmetic.BuildAll,CNNA.PillarA.Arithmetic.BoundarySource.MultiSchurToLevelHistoryAdapter,internal
CNNA.PillarA.Arithmetic.BuildAll,CNNA.PillarA.Arithmetic.BoundarySource.RecursiveLevelHistoryCarrier,internal
CNNA.PillarA.Arithmetic.BuildAll,CNNA.PillarA.Arithmetic.BoundarySource.RecursiveLevelHistoryRoute,internal
CNNA.PillarA.Arithmetic.BuildAll,CNNA.PillarA.Arithmetic.BoundarySource.RecursiveLevelHistoryTypeDecision,internal
CNNA.PillarA.Arithmetic.BuildAll,CNNA.PillarA.Arithmetic.CayleyDickson.ArithmeticCDBridge,internal
CNNA.PillarA.Arithmetic.BuildAll,CNNA.PillarA.Arithmetic.Convergence.CDArithmeticCompatibility,internal
CNNA.PillarA.Arithmetic.BuildAll,CNNA.PillarA.Arithmetic.Convergence.QuaternionRamanujanInterface,internal
CNNA.PillarA.Arithmetic.BuildAll,CNNA.PillarA.Arithmetic.Core.BrightDtNSource,internal
CNNA.PillarA.Arithmetic.BuildAll,CNNA.PillarA.Arithmetic.Core.FullBoundaryAudit,internal
CNNA.PillarA.Arithmetic.BuildAll,CNNA.PillarA.Arithmetic.Core.MatrixTransport,internal
CNNA.PillarA.Arithmetic.BuildAll,CNNA.PillarA.Arithmetic.Core.Source,internal
CNNA.PillarA.Arithmetic.BuildAll,CNNA.PillarA.Arithmetic.Graph.CheegerSeed,internal
CNNA.PillarA.Arithmetic.BuildAll,CNNA.PillarA.Arithmetic.Graph.RamanujanTest,internal
CNNA.PillarA.Arithmetic.BuildAll,CNNA.PillarA.Arithmetic.Graph.SpectralGapSeed,internal
CNNA.PillarA.Arithmetic.BuildAll,CNNA.PillarA.Arithmetic.Notation,internal
CNNA.PillarA.Arithmetic.BuildAll,CNNA.PillarA.Arithmetic.Orders.DiscriminantConvention,internal
CNNA.PillarA.Arithmetic.BuildAll,CNNA.PillarA.Arithmetic.Orders.NormForms,internal
CNNA.PillarA.Arithmetic.BuildAll,CNNA.PillarA.Arithmetic.Orders.QuadraticOrder,internal
CNNA.PillarA.Arithmetic.BuildAll,CNNA.PillarA.Arithmetic.Schur.CharpolyC,internal
CNNA.PillarA.Arithmetic.BuildAll,CNNA.PillarA.Arithmetic.Schur.CharpolyExec,internal
CNNA.PillarA.Arithmetic.BuildAll,CNNA.PillarA.Arithmetic.Schur.HigherLevelCertificates,internal
CNNA.PillarA.Arithmetic.BuildAll,CNNA.PillarA.Arithmetic.Schur.HigherLevelDiscriminants,internal
CNNA.PillarA.Arithmetic.BuildAll,CNNA.PillarA.Arithmetic.Schur.HigherLevelOutcomeRouter,internal
CNNA.PillarA.Arithmetic.BuildAll,CNNA.PillarA.Arithmetic.Schur.HigherLevelPredictionLedger,internal
CNNA.PillarA.Arithmetic.BuildAll,CNNA.PillarA.Arithmetic.Schur.IdentityLedger,internal
CNNA.PillarA.Arithmetic.BuildAll,CNNA.PillarA.Arithmetic.Schur.L1Baseline,internal
CNNA.PillarA.Arithmetic.BuildAll,CNNA.PillarA.Arithmetic.Schur.L2Eisenstein,internal
CNNA.PillarA.Arithmetic.BuildAll,CNNA.PillarA.Arithmetic.Schur.L3Gaussian,internal
CNNA.PillarA.Arithmetic.BuildAll,CNNA.PillarA.Arithmetic.Schur.MobiusTransfer,internal
CNNA.PillarA.Arithmetic.BuildAll,CNNA.PillarA.Arithmetic.Schur.Recurrence,internal
CNNA.PillarA.Arithmetic.BuildAll,CNNA.PillarA.Arithmetic.Schur.RecursiveSchurSource,internal
CNNA.PillarA.Arithmetic.BuildAll,CNNA.PillarA.Arithmetic.Smoke.GeneratedApproximantCore,internal
CNNA.PillarA.Arithmetic.BuildAll,CNNA.PillarA.Arithmetic.Smoke.GeneratedArithmeticSourceExecBoundaryOperatorFromSM4qRecheckSM5q,internal
CNNA.PillarA.Arithmetic.BuildAll,CNNA.PillarA.Arithmetic.Smoke.GeneratedArithmeticSourceExecBoundaryOperatorSM5q,internal
CNNA.PillarA.Arithmetic.BuildAll,CNNA.PillarA.Arithmetic.Smoke.GeneratedArithmeticSourceSM5,internal
CNNA.PillarA.Arithmetic.BuildAll,CNNA.PillarA.Arithmetic.Smoke.GeneratedBoundaryInteriorPartition,internal
CNNA.PillarA.Arithmetic.BuildAll,CNNA.PillarA.Arithmetic.Smoke.GeneratedDegreeFormulaAuditSM3db2eR0,internal
CNNA.PillarA.Arithmetic.BuildAll,CNNA.PillarA.Arithmetic.Smoke.GeneratedDegreePivotReciprocalProfileFromWeightPolicySM3db2eR,internal
CNNA.PillarA.Arithmetic.BuildAll,CNNA.PillarA.Arithmetic.Smoke.GeneratedDegreePivotScaleSourceSM3db2dR,internal
CNNA.PillarA.Arithmetic.BuildAll,CNNA.PillarA.Arithmetic.Smoke.GeneratedDirichletEntry,internal
CNNA.PillarA.Arithmetic.BuildAll,CNNA.PillarA.Arithmetic.Smoke.GeneratedDirichletExecEntrySourceSM3bq,internal
CNNA.PillarA.Arithmetic.BuildAll,CNNA.PillarA.Arithmetic.Smoke.GeneratedGeneralizedTopBoundaryDtNSM3hR,internal
CNNA.PillarA.Arithmetic.BuildAll,CNNA.PillarA.Arithmetic.Smoke.GeneratedInteriorAccumulatedEntryCancellationFromTerminalIdentityR3c1e,internal
CNNA.PillarA.Arithmetic.BuildAll,CNNA.PillarA.Arithmetic.Smoke.GeneratedInteriorAccumulatedEntryCancellationR3c1,internal
CNNA.PillarA.Arithmetic.BuildAll,CNNA.PillarA.Arithmetic.Smoke.GeneratedInteriorAccumulatedTraceEvaluation,internal
CNNA.PillarA.Arithmetic.BuildAll,CNNA.PillarA.Arithmetic.Smoke.GeneratedInteriorBlock,internal
CNNA.PillarA.Arithmetic.BuildAll,CNNA.PillarA.Arithmetic.Smoke.GeneratedInteriorBlockFoldInvarianceR3c1c,internal
CNNA.PillarA.Arithmetic.BuildAll,CNNA.PillarA.Arithmetic.Smoke.GeneratedInteriorBlockFoldKernelLocalSchurResidualBridgeR3c1b1,internal
CNNA.PillarA.Arithmetic.BuildAll,CNNA.PillarA.Arithmetic.Smoke.GeneratedInteriorBlockFoldNormalFormR3c1a,internal
CNNA.PillarA.Arithmetic.BuildAll,CNNA.PillarA.Arithmetic.Smoke.GeneratedInteriorBlockFoldTerminalIdentityFromSM3db4aWR3c1dFull,internal
CNNA.PillarA.Arithmetic.BuildAll,CNNA.PillarA.Arithmetic.Smoke.GeneratedInteriorBlockFoldTerminalIdentityR3c1d,internal
CNNA.PillarA.Arithmetic.BuildAll,CNNA.PillarA.Arithmetic.Smoke.GeneratedInteriorEliminationCandidate,internal
CNNA.PillarA.Arithmetic.BuildAll,CNNA.PillarA.Arithmetic.Smoke.GeneratedInteriorEliminationCandidateEntry,internal
CNNA.PillarA.Arithmetic.BuildAll,CNNA.PillarA.Arithmetic.Smoke.GeneratedInteriorEliminationCarrier,internal
CNNA.PillarA.Arithmetic.BuildAll,CNNA.PillarA.Arithmetic.Smoke.GeneratedInteriorEliminationCertificateSM3fR,internal
CNNA.PillarA.Arithmetic.BuildAll,CNNA.PillarA.Arithmetic.Smoke.GeneratedInteriorEliminationStep,internal
CNNA.PillarA.Arithmetic.BuildAll,CNNA.PillarA.Arithmetic.Smoke.GeneratedInteriorEliminationTrace,internal
CNNA.PillarA.Arithmetic.BuildAll,CNNA.PillarA.Arithmetic.Smoke.GeneratedInteriorInverseCandidateEntry,internal
CNNA.PillarA.Arithmetic.BuildAll,CNNA.PillarA.Arithmetic.Smoke.GeneratedInteriorInverseCandidateMatrix,internal
CNNA.PillarA.Arithmetic.BuildAll,CNNA.PillarA.Arithmetic.Smoke.GeneratedInteriorInverseCandidateShapeSeparation,internal
CNNA.PillarA.Arithmetic.BuildAll,CNNA.PillarA.Arithmetic.Smoke.GeneratedInteriorInverseCandidateStart,internal
CNNA.PillarA.Arithmetic.BuildAll,CNNA.PillarA.Arithmetic.Smoke.GeneratedInteriorLocalStepCancellationR3c1bFull,internal
CNNA.PillarA.Arithmetic.BuildAll,CNNA.PillarA.Arithmetic.Smoke.GeneratedInteriorLocalStepSchurCancellationInvariantSM3db2aR,internal
CNNA.PillarA.Arithmetic.BuildAll,CNNA.PillarA.Arithmetic.Smoke.GeneratedInteriorLocalStepSchurCancellationSourceAuditR3c1b0,internal
CNNA.PillarA.Arithmetic.BuildAll,CNNA.PillarA.Arithmetic.Smoke.GeneratedInteriorPerPivotRegularityFromTraceSM3db2bR,internal
CNNA.PillarA.Arithmetic.BuildAll,CNNA.PillarA.Arithmetic.Smoke.GeneratedInteriorProductIdentityProofR4a,internal
CNNA.PillarA.Arithmetic.BuildAll,CNNA.PillarA.Arithmetic.Smoke.GeneratedInteriorProvenTwoSidedInvR5,internal
CNNA.PillarA.Arithmetic.BuildAll,CNNA.PillarA.Arithmetic.Smoke.GeneratedInteriorTerminalFoldResidualCoverageSM3db4aT,internal
CNNA.PillarA.Arithmetic.BuildAll,CNNA.PillarA.Arithmetic.Smoke.GeneratedInteriorTerminalFoldResidualIdentityEquationSourceSM3db4aV,internal
CNNA.PillarA.Arithmetic.BuildAll,CNNA.PillarA.Arithmetic.Smoke.GeneratedInteriorTerminalFoldResidualIdentityFieldsSM3db4aU,internal
CNNA.PillarA.Arithmetic.BuildAll,CNNA.PillarA.Arithmetic.Smoke.GeneratedInteriorTerminalIdentityFieldCertificateFromEquationSourceSM3db4aW,internal
CNNA.PillarA.Arithmetic.BuildAll,CNNA.PillarA.Arithmetic.Smoke.GeneratedInteriorTraceCancellationDerivation,internal
CNNA.PillarA.Arithmetic.BuildAll,CNNA.PillarA.Arithmetic.Smoke.GeneratedInteriorTraceCancellationR3c2,internal
CNNA.PillarA.Arithmetic.BuildAll,CNNA.PillarA.Arithmetic.Smoke.GeneratedInteriorTracePivotScaleWitnessFromGeneratedDegreeSM3db2cR,internal
CNNA.PillarA.Arithmetic.BuildAll,CNNA.PillarA.Arithmetic.Smoke.GeneratedInteriorTracePivotTerminalCoverageSourceSM3db3aR,internal
CNNA.PillarA.Arithmetic.BuildAll,CNNA.PillarA.Arithmetic.Smoke.GeneratedInteriorTwoSidedInv,internal
CNNA.PillarA.Arithmetic.BuildAll,CNNA.PillarA.Arithmetic.Smoke.GeneratedInteriorTwoSidedInvFromSM3db7R,internal
CNNA.PillarA.Arithmetic.BuildAll,CNNA.PillarA.Arithmetic.Smoke.GeneratedInverseCandidateExecEntrySourceSM3eRq,internal
CNNA.PillarA.Arithmetic.BuildAll,CNNA.PillarA.Arithmetic.Smoke.GeneratedLevelHistoryBoundaryPortSourceSM6a,internal
CNNA.PillarA.Arithmetic.BuildAll,CNNA.PillarA.Arithmetic.Smoke.GeneratedLevelHistoryCharpolyExecFromMirrorSM9b,internal
CNNA.PillarA.Arithmetic.BuildAll,CNNA.PillarA.Arithmetic.Smoke.GeneratedLevelHistoryExecMatrixFromSM6bRecheckSM8,internal
CNNA.PillarA.Arithmetic.BuildAll,CNNA.PillarA.Arithmetic.Smoke.GeneratedLevelHistoryExecMirrorSourceFromSM8RecheckSM9a,internal
CNNA.PillarA.Arithmetic.BuildAll,CNNA.PillarA.Arithmetic.Smoke.GeneratedLevelHistoryExecMirrorSourceSM9a,internal
CNNA.PillarA.Arithmetic.BuildAll,CNNA.PillarA.Arithmetic.Smoke.GeneratedLevelHistoryMatrixFromBridgeSM8,internal
CNNA.PillarA.Arithmetic.BuildAll,CNNA.PillarA.Arithmetic.Smoke.GeneratedLevelHistoryOperationalCharpolyPolynomialProfileFromSM9b,internal
CNNA.PillarA.Arithmetic.BuildAll,CNNA.PillarA.Arithmetic.Smoke.GeneratedLevelHistoryOperationalCoefficientSourceFromSM9c,internal
CNNA.PillarA.Arithmetic.BuildAll,CNNA.PillarA.Arithmetic.Smoke.GeneratedLevelHistorySchurIndexBridgeRecheckSM7a,internal
CNNA.PillarA.Arithmetic.BuildAll,CNNA.PillarA.Arithmetic.Smoke.GeneratedLevelHistoryToSchurIndexSM7,internal
CNNA.PillarA.Arithmetic.BuildAll,CNNA.PillarA.Arithmetic.Smoke.GeneratedLevelStepExecMirrorSourceFromSM5qRecheckSM6b,internal
CNNA.PillarA.Arithmetic.BuildAll,CNNA.PillarA.Arithmetic.Smoke.GeneratedLevelStepExecMirrorSourceSM6b,internal
CNNA.PillarA.Arithmetic.BuildAll,CNNA.PillarA.Arithmetic.Smoke.GeneratedLevelStepWitnessSM6,internal
CNNA.PillarA.Arithmetic.BuildAll,CNNA.PillarA.Arithmetic.Smoke.GeneratedMainPath,internal
CNNA.PillarA.Arithmetic.BuildAll,CNNA.PillarA.Arithmetic.Smoke.GeneratedMultiSchurExecBoundaryOperatorFromSM3fqPlusSM4q,internal
CNNA.PillarA.Arithmetic.BuildAll,CNNA.PillarA.Arithmetic.Smoke.GeneratedMultiSchurExecBoundaryOperatorSM4q,internal
CNNA.PillarA.Arithmetic.BuildAll,CNNA.PillarA.Arithmetic.Smoke.GeneratedMultiSchurSM4,internal
CNNA.PillarA.Arithmetic.BuildAll,CNNA.PillarA.Arithmetic.Smoke.GeneratedOperationalDegreeReciprocalSourceSM3db2fR,internal
CNNA.PillarA.Arithmetic.BuildAll,CNNA.PillarA.Arithmetic.Smoke.GeneratedOperationalDeterminantCoefficientRecurrenceSM9e,internal
CNNA.PillarA.Arithmetic.BuildAll,CNNA.PillarA.Arithmetic.Smoke.GeneratedOperationalDeterminantEvaluationBridgeFromSM9e,internal
CNNA.PillarA.Arithmetic.BuildAll,CNNA.PillarA.Arithmetic.Smoke.GeneratedOperationalDeterminantForwardEvaluationBridgeFromSM9ePlus,internal
CNNA.PillarA.Arithmetic.BuildAll,CNNA.PillarA.Arithmetic.Smoke.GeneratedOperationalDiscriminantFactorGateFromSM9fFull,internal
CNNA.PillarA.Arithmetic.BuildAll,CNNA.PillarA.Arithmetic.Smoke.GeneratedOperationalQuadraticCoefficientWindowFromSM9dSM9e,internal
CNNA.PillarA.Arithmetic.BuildAll,CNNA.PillarA.Arithmetic.Smoke.GeneratedOperationalQuadraticDiscriminantSourceFromSM9g1Window,internal
CNNA.PillarA.Arithmetic.BuildAll,CNNA.PillarA.Arithmetic.Smoke.GeneratedResetSM3LedgerSM3iR,internal
CNNA.PillarA.Arithmetic.BuildAll,CNNA.PillarA.Arithmetic.Smoke.GeneratedSM3fSchurExecCompletionSM3fqPlus,internal
CNNA.PillarA.Arithmetic.BuildAll,CNNA.PillarA.Arithmetic.Smoke.GeneratedSM3fSchurExecEntrySourceSM3fq,internal
CNNA.PillarA.Arithmetic.BuildAll,CNNA.PillarA.Arithmetic.Smoke.GeneratedSource,internal
CNNA.PillarA.Arithmetic.BuildAll,CNNA.PillarA.Arithmetic.Smoke.GeneratedTopBoundaryDtNSM3gR,internal
CNNA.PillarA.Arithmetic.BuildAll,CNNA.PillarA.Arithmetic.Smoke.OperationalBoundedPolynomialEvaluationNormalFormSM9ePlus,internal
CNNA.PillarA.Arithmetic.BuildAll,CNNA.PillarA.Arithmetic.Smoke.OperationalBoundedPolynomialForwardEvaluationSourceSM9ePlus,internal
CNNA.PillarA.Arithmetic.BuildAll,CNNA.PillarA.Arithmetic.Smoke.SM3dbRToSM3eRHandoff,internal
CNNA.PillarA.Arithmetic.CayleyDickson.ArithmeticCDBridge,CNNA.PillarA.Arithmetic.Schur.CharpolyC,internal
CNNA.PillarA.Arithmetic.CayleyDickson.ArithmeticCDBridge,CNNA.PillarA.Structural.CayleyDickson.S6CanonicalNormSqDefined,internal
CNNA.PillarA.Arithmetic.Convergence.CDArithmeticCompatibility,CNNA.PillarA.Arithmetic.CayleyDickson.ArithmeticCDBridge,internal
CNNA.PillarA.Arithmetic.Convergence.CDArithmeticCompatibility,CNNA.PillarA.Arithmetic.Orders.NormForms,internal
CNNA.PillarA.Arithmetic.Convergence.QuaternionRamanujanInterface,CNNA.PillarA.Arithmetic.CayleyDickson.ArithmeticCDBridge,internal
CNNA.PillarA.Arithmetic.Convergence.QuaternionRamanujanInterface,CNNA.PillarA.Arithmetic.Graph.RamanujanTest,internal
CNNA.PillarA.Arithmetic.Convergence.QuaternionRamanujanInterface,CNNA.PillarA.Structural.CayleyDickson.S6QuaternionicSeed,internal
CNNA.PillarA.Arithmetic.Core.BrightDtNSource,CNNA.PillarA.Arithmetic.Core.MatrixTransport,internal
CNNA.PillarA.Arithmetic.Core.FullBoundaryAudit,CNNA.PillarA.Arithmetic.Core.Source,internal
CNNA.PillarA.Arithmetic.Core.MatrixTransport,CNNA.PillarA.Arithmetic.BoundarySource.BoundarySourceConvergence,internal
CNNA.PillarA.Arithmetic.Core.Source,CNNA.PillarA.Coupling.MultiSchur,internal
CNNA.PillarA.Arithmetic.Core.Source,CNNA.PillarA.Finite.ChannelSeed,internal
CNNA.PillarA.Arithmetic.Core.Source,CNNA.PillarA.ToC.BuildAll,internal
CNNA.PillarA.Arithmetic.Graph.CheegerSeed,CNNA.PillarA.Arithmetic.Graph.SpectralGapSeed,internal
CNNA.PillarA.Arithmetic.Graph.RamanujanTest,CNNA.PillarA.Arithmetic.Graph.CheegerSeed,internal
CNNA.PillarA.Arithmetic.Graph.SpectralGapSeed,CNNA.PillarA.Arithmetic.Schur.IdentityLedger,internal
CNNA.PillarA.Arithmetic.Notation,CNNA.PillarA.Arithmetic.Actions.ActionFormatDecision,internal
CNNA.PillarA.Arithmetic.Notation,CNNA.PillarA.Arithmetic.Actions.ActionPackage,internal
CNNA.PillarA.Arithmetic.Notation,CNNA.PillarA.Arithmetic.Actions.GeneratorActionInventory,internal
CNNA.PillarA.Arithmetic.Notation,CNNA.PillarA.Arithmetic.BoundarySource.BoundarySourceConvergence,internal
CNNA.PillarA.Arithmetic.Notation,CNNA.PillarA.Arithmetic.BoundarySource.BoundarySourceDecisionLedger,internal
CNNA.PillarA.Arithmetic.Notation,CNNA.PillarA.Arithmetic.BoundarySource.BoundaryStateSubstrate,internal
CNNA.PillarA.Arithmetic.Notation,CNNA.PillarA.Arithmetic.BoundarySource.BranchAddressSubstrate,internal
CNNA.PillarA.Arithmetic.Notation,CNNA.PillarA.Arithmetic.BoundarySource.ExistingIdealThreadNoGo,internal
CNNA.PillarA.Arithmetic.Notation,CNNA.PillarA.Arithmetic.BoundarySource.HistoryExpandedSubstrate,internal
CNNA.PillarA.Arithmetic.Notation,CNNA.PillarA.Arithmetic.BoundarySource.InterfaceExposureSubstrate,internal
CNNA.PillarA.Arithmetic.Notation,CNNA.PillarA.Arithmetic.BoundarySource.RecursiveLevelHistoryRoute,internal
CNNA.PillarA.Arithmetic.Notation,CNNA.PillarA.Arithmetic.CayleyDickson.ArithmeticCDBridge,internal
CNNA.PillarA.Arithmetic.Notation,CNNA.PillarA.Arithmetic.Convergence.CDArithmeticCompatibility,internal
CNNA.PillarA.Arithmetic.Notation,CNNA.PillarA.Arithmetic.Convergence.QuaternionRamanujanInterface,internal
CNNA.PillarA.Arithmetic.Notation,CNNA.PillarA.Arithmetic.Core.BrightDtNSource,internal
CNNA.PillarA.Arithmetic.Notation,CNNA.PillarA.Arithmetic.Core.FullBoundaryAudit,internal
CNNA.PillarA.Arithmetic.Notation,CNNA.PillarA.Arithmetic.Core.MatrixTransport,internal
CNNA.PillarA.Arithmetic.Notation,CNNA.PillarA.Arithmetic.Core.Source,internal
CNNA.PillarA.Arithmetic.Notation,CNNA.PillarA.Arithmetic.Graph.CheegerSeed,internal
CNNA.PillarA.Arithmetic.Notation,CNNA.PillarA.Arithmetic.Graph.RamanujanTest,internal
CNNA.PillarA.Arithmetic.Notation,CNNA.PillarA.Arithmetic.Graph.SpectralGapSeed,internal
CNNA.PillarA.Arithmetic.Notation,CNNA.PillarA.Arithmetic.Orders.DiscriminantConvention,internal
CNNA.PillarA.Arithmetic.Notation,CNNA.PillarA.Arithmetic.Orders.NormForms,internal
CNNA.PillarA.Arithmetic.Notation,CNNA.PillarA.Arithmetic.Orders.QuadraticOrder,internal
CNNA.PillarA.Arithmetic.Notation,CNNA.PillarA.Arithmetic.Schur.CharpolyC,internal
CNNA.PillarA.Arithmetic.Notation,CNNA.PillarA.Arithmetic.Schur.CharpolyExec,internal
CNNA.PillarA.Arithmetic.Notation,CNNA.PillarA.Arithmetic.Schur.HigherLevelCertificates,internal
CNNA.PillarA.Arithmetic.Notation,CNNA.PillarA.Arithmetic.Schur.HigherLevelDiscriminants,internal
CNNA.PillarA.Arithmetic.Notation,CNNA.PillarA.Arithmetic.Schur.HigherLevelOutcomeRouter,internal
CNNA.PillarA.Arithmetic.Notation,CNNA.PillarA.Arithmetic.Schur.HigherLevelPredictionLedger,internal
CNNA.PillarA.Arithmetic.Notation,CNNA.PillarA.Arithmetic.Schur.IdentityLedger,internal
CNNA.PillarA.Arithmetic.Notation,CNNA.PillarA.Arithmetic.Schur.L1Baseline,internal
CNNA.PillarA.Arithmetic.Notation,CNNA.PillarA.Arithmetic.Schur.L2Eisenstein,internal
CNNA.PillarA.Arithmetic.Notation,CNNA.PillarA.Arithmetic.Schur.L3Gaussian,internal
CNNA.PillarA.Arithmetic.Notation,CNNA.PillarA.Arithmetic.Schur.Recurrence,internal
CNNA.PillarA.Arithmetic.Notation,CNNA.PillarA.Arithmetic.Smoke.GeneratedApproximantCore,internal
CNNA.PillarA.Arithmetic.Notation,CNNA.PillarA.Arithmetic.Smoke.GeneratedArithmeticSourceSM5,internal
CNNA.PillarA.Arithmetic.Notation,CNNA.PillarA.Arithmetic.Smoke.GeneratedBoundaryInteriorPartition,internal
CNNA.PillarA.Arithmetic.Notation,CNNA.PillarA.Arithmetic.Smoke.GeneratedDegreeFormulaAuditSM3db2eR0,internal
CNNA.PillarA.Arithmetic.Notation,CNNA.PillarA.Arithmetic.Smoke.GeneratedDegreePivotReciprocalProfileFromWeightPolicySM3db2eR,internal
CNNA.PillarA.Arithmetic.Notation,CNNA.PillarA.Arithmetic.Smoke.GeneratedDirichletEntry,internal
CNNA.PillarA.Arithmetic.Notation,CNNA.PillarA.Arithmetic.Smoke.GeneratedGeneralizedTopBoundaryDtNSM3hR,internal
CNNA.PillarA.Arithmetic.Notation,CNNA.PillarA.Arithmetic.Smoke.GeneratedInteriorAccumulatedEntryCancellationFromTerminalIdentityR3c1e,internal
CNNA.PillarA.Arithmetic.Notation,CNNA.PillarA.Arithmetic.Smoke.GeneratedInteriorAccumulatedEntryCancellationR3c1,internal
CNNA.PillarA.Arithmetic.Notation,CNNA.PillarA.Arithmetic.Smoke.GeneratedInteriorAccumulatedTraceEvaluation,internal
CNNA.PillarA.Arithmetic.Notation,CNNA.PillarA.Arithmetic.Smoke.GeneratedInteriorBlock,internal
CNNA.PillarA.Arithmetic.Notation,CNNA.PillarA.Arithmetic.Smoke.GeneratedInteriorBlockFoldInvarianceR3c1c,internal
CNNA.PillarA.Arithmetic.Notation,CNNA.PillarA.Arithmetic.Smoke.GeneratedInteriorBlockFoldKernelLocalSchurResidualBridgeR3c1b1,internal
CNNA.PillarA.Arithmetic.Notation,CNNA.PillarA.Arithmetic.Smoke.GeneratedInteriorBlockFoldNormalFormR3c1a,internal
CNNA.PillarA.Arithmetic.Notation,CNNA.PillarA.Arithmetic.Smoke.GeneratedInteriorBlockFoldTerminalIdentityFromSM3db4aWR3c1dFull,internal
CNNA.PillarA.Arithmetic.Notation,CNNA.PillarA.Arithmetic.Smoke.GeneratedInteriorBlockFoldTerminalIdentityR3c1d,internal
CNNA.PillarA.Arithmetic.Notation,CNNA.PillarA.Arithmetic.Smoke.GeneratedInteriorEliminationCandidate,internal
CNNA.PillarA.Arithmetic.Notation,CNNA.PillarA.Arithmetic.Smoke.GeneratedInteriorEliminationCandidateEntry,internal
CNNA.PillarA.Arithmetic.Notation,CNNA.PillarA.Arithmetic.Smoke.GeneratedInteriorEliminationCarrier,internal
CNNA.PillarA.Arithmetic.Notation,CNNA.PillarA.Arithmetic.Smoke.GeneratedInteriorEliminationStep,internal
CNNA.PillarA.Arithmetic.Notation,CNNA.PillarA.Arithmetic.Smoke.GeneratedInteriorEliminationTrace,internal
CNNA.PillarA.Arithmetic.Notation,CNNA.PillarA.Arithmetic.Smoke.GeneratedInteriorInverseCandidateEntry,internal
CNNA.PillarA.Arithmetic.Notation,CNNA.PillarA.Arithmetic.Smoke.GeneratedInteriorInverseCandidateMatrix,internal
CNNA.PillarA.Arithmetic.Notation,CNNA.PillarA.Arithmetic.Smoke.GeneratedInteriorInverseCandidateShapeSeparation,internal
CNNA.PillarA.Arithmetic.Notation,CNNA.PillarA.Arithmetic.Smoke.GeneratedInteriorInverseCandidateStart,internal
CNNA.PillarA.Arithmetic.Notation,CNNA.PillarA.Arithmetic.Smoke.GeneratedInteriorLocalStepCancellationR3c1bFull,internal
CNNA.PillarA.Arithmetic.Notation,CNNA.PillarA.Arithmetic.Smoke.GeneratedInteriorLocalStepSchurCancellationInvariantSM3db2aR,internal
CNNA.PillarA.Arithmetic.Notation,CNNA.PillarA.Arithmetic.Smoke.GeneratedInteriorLocalStepSchurCancellationSourceAuditR3c1b0,internal
CNNA.PillarA.Arithmetic.Notation,CNNA.PillarA.Arithmetic.Smoke.GeneratedInteriorPerPivotRegularityFromTraceSM3db2bR,internal
CNNA.PillarA.Arithmetic.Notation,CNNA.PillarA.Arithmetic.Smoke.GeneratedInteriorTerminalFoldResidualCoverageSM3db4aT,internal
CNNA.PillarA.Arithmetic.Notation,CNNA.PillarA.Arithmetic.Smoke.GeneratedInteriorTerminalFoldResidualIdentityEquationSourceSM3db4aV,internal
CNNA.PillarA.Arithmetic.Notation,CNNA.PillarA.Arithmetic.Smoke.GeneratedInteriorTerminalFoldResidualIdentityFieldsSM3db4aU,internal
CNNA.PillarA.Arithmetic.Notation,CNNA.PillarA.Arithmetic.Smoke.GeneratedInteriorTerminalIdentityFieldCertificateFromEquationSourceSM3db4aW,internal
CNNA.PillarA.Arithmetic.Notation,CNNA.PillarA.Arithmetic.Smoke.GeneratedInteriorTraceCancellationDerivation,internal
CNNA.PillarA.Arithmetic.Notation,CNNA.PillarA.Arithmetic.Smoke.GeneratedInteriorTraceCancellationR3c2,internal
CNNA.PillarA.Arithmetic.Notation,CNNA.PillarA.Arithmetic.Smoke.GeneratedInteriorTracePivotTerminalCoverageSourceSM3db3aR,internal
CNNA.PillarA.Arithmetic.Notation,CNNA.PillarA.Arithmetic.Smoke.GeneratedInteriorTwoSidedInv,internal
CNNA.PillarA.Arithmetic.Notation,CNNA.PillarA.Arithmetic.Smoke.GeneratedInteriorTwoSidedInvFromSM3db7R,internal
CNNA.PillarA.Arithmetic.Notation,CNNA.PillarA.Arithmetic.Smoke.GeneratedLevelStepWitnessSM6,internal
CNNA.PillarA.Arithmetic.Notation,CNNA.PillarA.Arithmetic.Smoke.GeneratedMainPath,internal
CNNA.PillarA.Arithmetic.Notation,CNNA.PillarA.Arithmetic.Smoke.GeneratedMultiSchurSM4,internal
CNNA.PillarA.Arithmetic.Notation,CNNA.PillarA.Arithmetic.Smoke.GeneratedOperationalDegreeReciprocalSourceSM3db2fR,internal
CNNA.PillarA.Arithmetic.Notation,CNNA.PillarA.Arithmetic.Smoke.GeneratedResetSM3LedgerSM3iR,internal
CNNA.PillarA.Arithmetic.Notation,CNNA.PillarA.Arithmetic.Smoke.GeneratedSource,internal
CNNA.PillarA.Arithmetic.Notation,CNNA.PillarA.Arithmetic.Smoke.SM3dbRToSM3eRHandoff,internal
CNNA.PillarA.Arithmetic.Orders.DiscriminantConvention,CNNA.PillarA.Arithmetic.Orders.QuadraticOrder,internal
CNNA.PillarA.Arithmetic.Orders.NormForms,CNNA.PillarA.Arithmetic.Orders.DiscriminantConvention,internal
CNNA.PillarA.Arithmetic.Orders.QuadraticOrder,CNNA.PillarA.Arithmetic.Schur.HigherLevelDiscriminants,internal
CNNA.PillarA.Arithmetic.Orders.QuadraticOrder,CNNA.PillarA.Arithmetic.Schur.L3Gaussian,internal
CNNA.PillarA.Arithmetic.Schur.CharpolyC,CNNA.PillarA.Arithmetic.Schur.CharpolyExec,internal
CNNA.PillarA.Arithmetic.Schur.CharpolyC,CNNA.PillarA.Foundation.ExecComplexBridge,internal
CNNA.PillarA.Arithmetic.Schur.CharpolyExec,CNNA.PillarA.Arithmetic.Schur.Recurrence,internal
CNNA.PillarA.Arithmetic.Schur.HigherLevelCertificates,CNNA.PillarA.Arithmetic.Schur.HigherLevelPredictionLedger,internal
CNNA.PillarA.Arithmetic.Schur.HigherLevelDiscriminants,CNNA.PillarA.Arithmetic.Schur.HigherLevelOutcomeRouter,internal
CNNA.PillarA.Arithmetic.Schur.HigherLevelOutcomeRouter,CNNA.PillarA.Arithmetic.Schur.HigherLevelCertificates,internal
CNNA.PillarA.Arithmetic.Schur.HigherLevelPredictionLedger,CNNA.PillarA.Arithmetic.Schur.IdentityLedger,internal
CNNA.PillarA.Arithmetic.Schur.IdentityLedger,CNNA.PillarA.Arithmetic.Schur.L3Gaussian,internal
CNNA.PillarA.Arithmetic.Schur.L1Baseline,CNNA.PillarA.Arithmetic.Schur.CharpolyExec,internal
CNNA.PillarA.Arithmetic.Schur.L2Eisenstein,CNNA.PillarA.Arithmetic.Schur.L1Baseline,internal
CNNA.PillarA.Arithmetic.Schur.L3Gaussian,CNNA.PillarA.Arithmetic.Schur.L2Eisenstein,internal
CNNA.PillarA.Arithmetic.Schur.MobiusTransfer,CNNA.PillarA.Arithmetic.Actions.ActionFormatDecision,internal
CNNA.PillarA.Arithmetic.Schur.Recurrence,CNNA.PillarA.Arithmetic.Schur.RecursiveSchurSource,internal
CNNA.PillarA.Arithmetic.Schur.RecursiveSchurSource,CNNA.PillarA.Arithmetic.Schur.MobiusTransfer,internal
CNNA.PillarA.Arithmetic.Smoke.GeneratedApproximantCore,CNNA.PillarA.Arithmetic.Smoke.GeneratedMainPath,internal
CNNA.PillarA.Arithmetic.Smoke.GeneratedArithmeticSourceExecBoundaryOperatorFromSM4qRecheckSM5q,CNNA.PillarA.Arithmetic.Smoke.GeneratedArithmeticSourceExecBoundaryOperatorSM5q,internal
CNNA.PillarA.Arithmetic.Smoke.GeneratedArithmeticSourceExecBoundaryOperatorFromSM4qRecheckSM5q,CNNA.PillarA.Arithmetic.Smoke.GeneratedMultiSchurExecBoundaryOperatorFromSM3fqPlusSM4q,internal
CNNA.PillarA.Arithmetic.Smoke.GeneratedArithmeticSourceExecBoundaryOperatorSM5q,CNNA.PillarA.Arithmetic.Smoke.GeneratedArithmeticSourceSM5,internal
CNNA.PillarA.Arithmetic.Smoke.GeneratedArithmeticSourceExecBoundaryOperatorSM5q,CNNA.PillarA.Foundation.ExecComplexBridge,internal
CNNA.PillarA.Arithmetic.Smoke.GeneratedArithmeticSourceSM5,CNNA.PillarA.Arithmetic.Smoke.GeneratedMultiSchurSM4,internal
CNNA.PillarA.Arithmetic.Smoke.GeneratedBoundaryInteriorPartition,CNNA.PillarA.Arithmetic.Smoke.GeneratedApproximantCore,internal
CNNA.PillarA.Arithmetic.Smoke.GeneratedDegreeFormulaAuditSM3db2eR0,CNNA.PillarA.Arithmetic.Smoke.GeneratedDegreePivotScaleSourceSM3db2dR,internal
CNNA.PillarA.Arithmetic.Smoke.GeneratedDegreePivotReciprocalProfileFromWeightPolicySM3db2eR,CNNA.PillarA.Arithmetic.Smoke.GeneratedDegreeFormulaAuditSM3db2eR0,internal
CNNA.PillarA.Arithmetic.Smoke.GeneratedDegreePivotScaleSourceSM3db2dR,CNNA.PillarA.Arithmetic.Smoke.GeneratedInteriorTracePivotScaleWitnessFromGeneratedDegreeSM3db2cR,internal
CNNA.PillarA.Arithmetic.Smoke.GeneratedDirichletEntry,CNNA.PillarA.Arithmetic.Smoke.GeneratedBoundaryInteriorPartition,internal
CNNA.PillarA.Arithmetic.Smoke.GeneratedDirichletEntry,CNNA.PillarA.Foundation.WeightPolicy,internal
CNNA.PillarA.Arithmetic.Smoke.GeneratedDirichletExecEntrySourceSM3bq,CNNA.PillarA.Arithmetic.Smoke.GeneratedDirichletEntry,internal
CNNA.PillarA.Arithmetic.Smoke.GeneratedDirichletExecEntrySourceSM3bq,CNNA.PillarA.Foundation.ExecComplexBridge,internal
CNNA.PillarA.Arithmetic.Smoke.GeneratedGeneralizedTopBoundaryDtNSM3hR,CNNA.PillarA.Arithmetic.Smoke.GeneratedTopBoundaryDtNSM3gR,internal
CNNA.PillarA.Arithmetic.Smoke.GeneratedInteriorAccumulatedEntryCancellationFromTerminalIdentityR3c1e,CNNA.PillarA.Arithmetic.Smoke.GeneratedInteriorAccumulatedEntryCancellationR3c1,internal
CNNA.PillarA.Arithmetic.Smoke.GeneratedInteriorAccumulatedEntryCancellationFromTerminalIdentityR3c1e,CNNA.PillarA.Arithmetic.Smoke.GeneratedInteriorBlockFoldTerminalIdentityR3c1d,internal
CNNA.PillarA.Arithmetic.Smoke.GeneratedInteriorAccumulatedEntryCancellationR3c1,CNNA.PillarA.Arithmetic.Smoke.GeneratedInteriorBlockFoldNormalFormR3c1a,internal
CNNA.PillarA.Arithmetic.Smoke.GeneratedInteriorAccumulatedTraceEvaluation,CNNA.PillarA.Arithmetic.Smoke.GeneratedInteriorInverseCandidateEntry,internal
CNNA.PillarA.Arithmetic.Smoke.GeneratedInteriorBlock,CNNA.PillarA.Arithmetic.Smoke.GeneratedDirichletEntry,internal
CNNA.PillarA.Arithmetic.Smoke.GeneratedInteriorBlockFoldInvarianceR3c1c,CNNA.PillarA.Arithmetic.Smoke.GeneratedInteriorLocalStepCancellationR3c1bFull,internal
CNNA.PillarA.Arithmetic.Smoke.GeneratedInteriorBlockFoldKernelLocalSchurResidualBridgeR3c1b1,CNNA.PillarA.Arithmetic.Smoke.GeneratedOperationalDegreeReciprocalSourceSM3db2fR,internal
CNNA.PillarA.Arithmetic.Smoke.GeneratedInteriorBlockFoldNormalFormR3c1a,CNNA.PillarA.Arithmetic.Smoke.GeneratedInteriorAccumulatedTraceEvaluation,internal
CNNA.PillarA.Arithmetic.Smoke.GeneratedInteriorBlockFoldTerminalIdentityFromSM3db4aWR3c1dFull,CNNA.PillarA.Arithmetic.Smoke.GeneratedInteriorTerminalIdentityFieldCertificateFromEquationSourceSM3db4aW,internal
CNNA.PillarA.Arithmetic.Smoke.GeneratedInteriorBlockFoldTerminalIdentityR3c1d,CNNA.PillarA.Arithmetic.Smoke.GeneratedInteriorTerminalFoldResidualIdentityFieldsSM3db4aU,internal
CNNA.PillarA.Arithmetic.Smoke.GeneratedInteriorEliminationCandidate,CNNA.PillarA.Arithmetic.Smoke.GeneratedInteriorBlock,internal
CNNA.PillarA.Arithmetic.Smoke.GeneratedInteriorEliminationCandidateEntry,CNNA.PillarA.Arithmetic.Smoke.GeneratedInteriorEliminationCandidate,internal
CNNA.PillarA.Arithmetic.Smoke.GeneratedInteriorEliminationCarrier,CNNA.PillarA.Arithmetic.Smoke.GeneratedInteriorInverseCandidateStart,internal
CNNA.PillarA.Arithmetic.Smoke.GeneratedInteriorEliminationCertificateSM3fR,CNNA.PillarA.Arithmetic.Smoke.GeneratedInteriorProvenTwoSidedInvR5,internal
CNNA.PillarA.Arithmetic.Smoke.GeneratedInteriorEliminationStep,CNNA.PillarA.Arithmetic.Smoke.GeneratedInteriorEliminationCarrier,internal
CNNA.PillarA.Arithmetic.Smoke.GeneratedInteriorEliminationTrace,CNNA.PillarA.Arithmetic.Smoke.GeneratedInteriorEliminationStep,internal
CNNA.PillarA.Arithmetic.Smoke.GeneratedInteriorInverseCandidateEntry,CNNA.PillarA.Arithmetic.Smoke.GeneratedInteriorEliminationTrace,internal
CNNA.PillarA.Arithmetic.Smoke.GeneratedInteriorInverseCandidateMatrix,CNNA.PillarA.Arithmetic.Smoke.GeneratedInteriorAccumulatedTraceEvaluation,internal
CNNA.PillarA.Arithmetic.Smoke.GeneratedInteriorInverseCandidateShapeSeparation,CNNA.PillarA.Arithmetic.Smoke.GeneratedInteriorInverseCandidateMatrix,internal
CNNA.PillarA.Arithmetic.Smoke.GeneratedInteriorInverseCandidateStart,CNNA.PillarA.Arithmetic.Smoke.GeneratedInteriorTwoSidedInv,internal
CNNA.PillarA.Arithmetic.Smoke.GeneratedInteriorLocalStepCancellationR3c1bFull,CNNA.PillarA.Arithmetic.Smoke.GeneratedInteriorBlockFoldKernelLocalSchurResidualBridgeR3c1b1,internal
CNNA.PillarA.Arithmetic.Smoke.GeneratedInteriorLocalStepSchurCancellationInvariantSM3db2aR,CNNA.PillarA.Arithmetic.Smoke.GeneratedInteriorLocalStepSchurCancellationSourceAuditR3c1b0,internal
CNNA.PillarA.Arithmetic.Smoke.GeneratedInteriorLocalStepSchurCancellationSourceAuditR3c1b0,CNNA.PillarA.Arithmetic.Smoke.GeneratedInteriorBlockFoldNormalFormR3c1a,internal
CNNA.PillarA.Arithmetic.Smoke.GeneratedInteriorPerPivotRegularityFromTraceSM3db2bR,CNNA.PillarA.Arithmetic.Smoke.GeneratedInteriorLocalStepSchurCancellationInvariantSM3db2aR,internal
CNNA.PillarA.Arithmetic.Smoke.GeneratedInteriorProductIdentityProofR4a,CNNA.PillarA.Arithmetic.Smoke.GeneratedInteriorTraceCancellationR3c2,internal
CNNA.PillarA.Arithmetic.Smoke.GeneratedInteriorProvenTwoSidedInvR5,CNNA.PillarA.Arithmetic.Smoke.GeneratedInteriorProductIdentityProofR4a,internal
CNNA.PillarA.Arithmetic.Smoke.GeneratedInteriorProvenTwoSidedInvR5,CNNA.PillarA.Arithmetic.Smoke.GeneratedInteriorTwoSidedInvFromSM3db7R,internal
CNNA.PillarA.Arithmetic.Smoke.GeneratedInteriorTerminalFoldResidualCoverageSM3db4aT,CNNA.PillarA.Arithmetic.Smoke.GeneratedInteriorTracePivotTerminalCoverageSourceSM3db3aR,internal
CNNA.PillarA.Arithmetic.Smoke.GeneratedInteriorTerminalFoldResidualIdentityEquationSourceSM3db4aV,CNNA.PillarA.Arithmetic.Smoke.GeneratedInteriorTerminalFoldResidualIdentityFieldsSM3db4aU,internal
CNNA.PillarA.Arithmetic.Smoke.GeneratedInteriorTerminalFoldResidualIdentityFieldsSM3db4aU,CNNA.PillarA.Arithmetic.Smoke.GeneratedInteriorTerminalFoldResidualCoverageSM3db4aT,internal
CNNA.PillarA.Arithmetic.Smoke.GeneratedInteriorTerminalIdentityFieldCertificateFromEquationSourceSM3db4aW,CNNA.PillarA.Arithmetic.Smoke.GeneratedInteriorBlockFoldTerminalIdentityR3c1d,internal
CNNA.PillarA.Arithmetic.Smoke.GeneratedInteriorTerminalIdentityFieldCertificateFromEquationSourceSM3db4aW,CNNA.PillarA.Arithmetic.Smoke.GeneratedInteriorTerminalFoldResidualIdentityEquationSourceSM3db4aV,internal
CNNA.PillarA.Arithmetic.Smoke.GeneratedInteriorTraceCancellationDerivation,CNNA.PillarA.Arithmetic.Smoke.GeneratedInteriorTwoSidedInvFromSM3db7R,internal
CNNA.PillarA.Arithmetic.Smoke.GeneratedInteriorTraceCancellationR3c2,CNNA.PillarA.Arithmetic.Smoke.GeneratedInteriorAccumulatedEntryCancellationFromTerminalIdentityR3c1e,internal
CNNA.PillarA.Arithmetic.Smoke.GeneratedInteriorTraceCancellationR3c2,CNNA.PillarA.Arithmetic.Smoke.GeneratedInteriorTraceCancellationDerivation,internal
CNNA.PillarA.Arithmetic.Smoke.GeneratedInteriorTracePivotScaleWitnessFromGeneratedDegreeSM3db2cR,CNNA.PillarA.Arithmetic.Smoke.GeneratedInteriorPerPivotRegularityFromTraceSM3db2bR,internal
CNNA.PillarA.Arithmetic.Smoke.GeneratedInteriorTracePivotTerminalCoverageSourceSM3db3aR,CNNA.PillarA.Arithmetic.Smoke.GeneratedInteriorBlockFoldInvarianceR3c1c,internal
CNNA.PillarA.Arithmetic.Smoke.GeneratedInteriorTwoSidedInv,CNNA.PillarA.Arithmetic.Smoke.GeneratedInteriorEliminationCandidateEntry,internal
CNNA.PillarA.Arithmetic.Smoke.GeneratedInteriorTwoSidedInv,CNNA.PillarA.DtN.DtN,internal
CNNA.PillarA.Arithmetic.Smoke.GeneratedInteriorTwoSidedInvFromSM3db7R,CNNA.PillarA.Arithmetic.Smoke.SM3dbRToSM3eRHandoff,internal
CNNA.PillarA.Arithmetic.Smoke.GeneratedInteriorTwoSidedInvFromSM3db7R,CNNA.PillarA.DtN.DtN,internal
CNNA.PillarA.Arithmetic.Smoke.GeneratedInverseCandidateExecEntrySourceSM3eRq,CNNA.PillarA.Arithmetic.Smoke.GeneratedDirichletExecEntrySourceSM3bq,internal
CNNA.PillarA.Arithmetic.Smoke.GeneratedInverseCandidateExecEntrySourceSM3eRq,CNNA.PillarA.Arithmetic.Smoke.SM3dbRToSM3eRHandoff,internal
CNNA.PillarA.Arithmetic.Smoke.GeneratedLevelHistoryBoundaryPortSourceSM6a,CNNA.PillarA.Arithmetic.Smoke.GeneratedLevelStepWitnessSM6,internal
CNNA.PillarA.Arithmetic.Smoke.GeneratedLevelHistoryCharpolyExecFromMirrorSM9b,CNNA.PillarA.Arithmetic.Schur.CharpolyExec,internal
CNNA.PillarA.Arithmetic.Smoke.GeneratedLevelHistoryCharpolyExecFromMirrorSM9b,CNNA.PillarA.Arithmetic.Smoke.GeneratedLevelHistoryExecMirrorSourceFromSM8RecheckSM9a,internal
CNNA.PillarA.Arithmetic.Smoke.GeneratedLevelHistoryExecMatrixFromSM6bRecheckSM8,CNNA.PillarA.Arithmetic.Smoke.GeneratedLevelHistoryMatrixFromBridgeSM8,internal
CNNA.PillarA.Arithmetic.Smoke.GeneratedLevelHistoryExecMatrixFromSM6bRecheckSM8,CNNA.PillarA.Arithmetic.Smoke.GeneratedLevelStepExecMirrorSourceFromSM5qRecheckSM6b,internal
CNNA.PillarA.Arithmetic.Smoke.GeneratedLevelHistoryExecMirrorSourceFromSM8RecheckSM9a,CNNA.PillarA.Arithmetic.Smoke.GeneratedLevelHistoryExecMatrixFromSM6bRecheckSM8,internal
CNNA.PillarA.Arithmetic.Smoke.GeneratedLevelHistoryExecMirrorSourceFromSM8RecheckSM9a,CNNA.PillarA.Arithmetic.Smoke.GeneratedLevelHistoryExecMirrorSourceSM9a,internal
CNNA.PillarA.Arithmetic.Smoke.GeneratedLevelHistoryExecMirrorSourceSM9a,CNNA.PillarA.Arithmetic.Smoke.GeneratedLevelHistoryMatrixFromBridgeSM8,internal
CNNA.PillarA.Arithmetic.Smoke.GeneratedLevelHistoryExecMirrorSourceSM9a,CNNA.PillarA.Foundation.ExecComplexBridge,internal
CNNA.PillarA.Arithmetic.Smoke.GeneratedLevelHistoryMatrixFromBridgeSM8,CNNA.PillarA.Arithmetic.Smoke.GeneratedLevelHistorySchurIndexBridgeRecheckSM7a,internal
CNNA.PillarA.Arithmetic.Smoke.GeneratedLevelHistoryOperationalCharpolyPolynomialProfileFromSM9b,CNNA.PillarA.Arithmetic.Smoke.GeneratedLevelHistoryCharpolyExecFromMirrorSM9b,internal
CNNA.PillarA.Arithmetic.Smoke.GeneratedLevelHistoryOperationalCoefficientSourceFromSM9c,CNNA.PillarA.Arithmetic.Smoke.GeneratedLevelHistoryOperationalCharpolyPolynomialProfileFromSM9b,internal
CNNA.PillarA.Arithmetic.Smoke.GeneratedLevelHistorySchurIndexBridgeRecheckSM7a,CNNA.PillarA.Arithmetic.Smoke.GeneratedLevelHistoryBoundaryPortSourceSM6a,internal
CNNA.PillarA.Arithmetic.Smoke.GeneratedLevelHistorySchurIndexBridgeRecheckSM7a,CNNA.PillarA.Arithmetic.Smoke.GeneratedLevelHistoryToSchurIndexSM7,internal
CNNA.PillarA.Arithmetic.Smoke.GeneratedLevelHistoryToSchurIndexSM7,CNNA.PillarA.Arithmetic.Smoke.GeneratedLevelStepWitnessSM6,internal
CNNA.PillarA.Arithmetic.Smoke.GeneratedLevelStepExecMirrorSourceFromSM5qRecheckSM6b,CNNA.PillarA.Arithmetic.Smoke.GeneratedArithmeticSourceExecBoundaryOperatorFromSM4qRecheckSM5q,internal
CNNA.PillarA.Arithmetic.Smoke.GeneratedLevelStepExecMirrorSourceFromSM5qRecheckSM6b,CNNA.PillarA.Arithmetic.Smoke.GeneratedLevelStepExecMirrorSourceSM6b,internal
CNNA.PillarA.Arithmetic.Smoke.GeneratedLevelStepExecMirrorSourceSM6b,CNNA.PillarA.Arithmetic.Smoke.GeneratedLevelStepWitnessSM6,internal
CNNA.PillarA.Arithmetic.Smoke.GeneratedLevelStepExecMirrorSourceSM6b,CNNA.PillarA.Foundation.ExecComplexBridge,internal
CNNA.PillarA.Arithmetic.Smoke.GeneratedLevelStepWitnessSM6,CNNA.PillarA.Arithmetic.Smoke.GeneratedArithmeticSourceSM5,internal
CNNA.PillarA.Arithmetic.Smoke.GeneratedMainPath,CNNA.PillarA.Arithmetic.Smoke.GeneratedSource,internal
CNNA.PillarA.Arithmetic.Smoke.GeneratedMultiSchurExecBoundaryOperatorFromSM3fqPlusSM4q,CNNA.PillarA.Arithmetic.Smoke.GeneratedMultiSchurExecBoundaryOperatorSM4q,internal
CNNA.PillarA.Arithmetic.Smoke.GeneratedMultiSchurExecBoundaryOperatorFromSM3fqPlusSM4q,CNNA.PillarA.Arithmetic.Smoke.GeneratedSM3fSchurExecCompletionSM3fqPlus,internal
CNNA.PillarA.Arithmetic.Smoke.GeneratedMultiSchurExecBoundaryOperatorSM4q,CNNA.PillarA.Arithmetic.Smoke.GeneratedMultiSchurSM4,internal
CNNA.PillarA.Arithmetic.Smoke.GeneratedMultiSchurExecBoundaryOperatorSM4q,CNNA.PillarA.Foundation.ExecComplexBridge,internal
CNNA.PillarA.Arithmetic.Smoke.GeneratedMultiSchurSM4,CNNA.PillarA.Arithmetic.Smoke.GeneratedResetSM3LedgerSM3iR,internal
CNNA.PillarA.Arithmetic.Smoke.GeneratedOperationalDegreeReciprocalSourceSM3db2fR,CNNA.PillarA.Arithmetic.Smoke.GeneratedDegreePivotReciprocalProfileFromWeightPolicySM3db2eR,internal
CNNA.PillarA.Arithmetic.Smoke.GeneratedOperationalDegreeReciprocalSourceSM3db2fR,CNNA.PillarA.Arithmetic.Smoke.GeneratedDegreePivotScaleSourceSM3db2dR,internal
CNNA.PillarA.Arithmetic.Smoke.GeneratedOperationalDeterminantCoefficientRecurrenceSM9e,CNNA.PillarA.Arithmetic.Smoke.GeneratedLevelHistoryOperationalCoefficientSourceFromSM9c,internal
CNNA.PillarA.Arithmetic.Smoke.GeneratedOperationalDeterminantEvaluationBridgeFromSM9e,CNNA.PillarA.Arithmetic.Smoke.GeneratedOperationalDeterminantCoefficientRecurrenceSM9e,internal
CNNA.PillarA.Arithmetic.Smoke.GeneratedOperationalDeterminantForwardEvaluationBridgeFromSM9ePlus,CNNA.PillarA.Arithmetic.Smoke.GeneratedOperationalDeterminantEvaluationBridgeFromSM9e,internal
CNNA.PillarA.Arithmetic.Smoke.GeneratedOperationalDeterminantForwardEvaluationBridgeFromSM9ePlus,CNNA.PillarA.Arithmetic.Smoke.OperationalBoundedPolynomialForwardEvaluationSourceSM9ePlus,internal
CNNA.PillarA.Arithmetic.Smoke.GeneratedOperationalDiscriminantFactorGateFromSM9fFull,CNNA.PillarA.Arithmetic.Smoke.GeneratedOperationalDeterminantForwardEvaluationBridgeFromSM9ePlus,internal
CNNA.PillarA.Arithmetic.Smoke.GeneratedOperationalQuadraticCoefficientWindowFromSM9dSM9e,CNNA.PillarA.Arithmetic.Smoke.GeneratedOperationalDiscriminantFactorGateFromSM9fFull,internal
CNNA.PillarA.Arithmetic.Smoke.GeneratedOperationalQuadraticDiscriminantSourceFromSM9g1Window,CNNA.PillarA.Arithmetic.Smoke.GeneratedOperationalQuadraticCoefficientWindowFromSM9dSM9e,internal
CNNA.PillarA.Arithmetic.Smoke.GeneratedResetSM3LedgerSM3iR,CNNA.PillarA.Arithmetic.Smoke.GeneratedGeneralizedTopBoundaryDtNSM3hR,internal
CNNA.PillarA.Arithmetic.Smoke.GeneratedSM3fSchurExecCompletionSM3fqPlus,CNNA.PillarA.Arithmetic.Smoke.GeneratedInverseCandidateExecEntrySourceSM3eRq,internal
CNNA.PillarA.Arithmetic.Smoke.GeneratedSM3fSchurExecCompletionSM3fqPlus,CNNA.PillarA.Arithmetic.Smoke.GeneratedSM3fSchurExecEntrySourceSM3fq,internal
CNNA.PillarA.Arithmetic.Smoke.GeneratedSM3fSchurExecEntrySourceSM3fq,CNNA.PillarA.Arithmetic.Smoke.GeneratedInteriorEliminationCertificateSM3fR,internal
CNNA.PillarA.Arithmetic.Smoke.GeneratedSource,CNNA.PillarA.ToC.GeneratedBranchFamily,internal
CNNA.PillarA.Arithmetic.Smoke.GeneratedTopBoundaryDtNSM3gR,CNNA.PillarA.Arithmetic.Smoke.GeneratedInteriorEliminationCertificateSM3fR,internal
CNNA.PillarA.Arithmetic.Smoke.OperationalBoundedPolynomialEvaluationNormalFormSM9ePlus,CNNA.PillarA.Arithmetic.Smoke.GeneratedOperationalDeterminantCoefficientRecurrenceSM9e,internal
CNNA.PillarA.Arithmetic.Smoke.OperationalBoundedPolynomialForwardEvaluationSourceSM9ePlus,CNNA.PillarA.Arithmetic.Smoke.OperationalBoundedPolynomialEvaluationNormalFormSM9ePlus,internal
CNNA.PillarA.Arithmetic.Smoke.SM3dbRToSM3eRHandoff,CNNA.PillarA.Arithmetic.Smoke.GeneratedInteriorInverseCandidateShapeSeparation,internal
CNNA.PillarA.BuildAll,CNNA.PillarA.Arithmetic.BuildAll,internal
CNNA.PillarA.BuildAll,CNNA.PillarA.Closure.BuildAll,internal
CNNA.PillarA.BuildAll,CNNA.PillarA.Coupling.BuildAll,internal
CNNA.PillarA.BuildAll,CNNA.PillarA.DtN.BuildAll,internal
CNNA.PillarA.BuildAll,CNNA.PillarA.Finite.BuildAll,internal
CNNA.PillarA.BuildAll,CNNA.PillarA.Foundation.BuildAll,internal
CNNA.PillarA.BuildAll,CNNA.PillarA.Geometry.BuildAll,internal
CNNA.PillarA.BuildAll,CNNA.PillarA.Handoff.BuildAll,internal
CNNA.PillarA.BuildAll,CNNA.PillarA.Network.BuildAll,internal
CNNA.PillarA.BuildAll,CNNA.PillarA.Notation,internal
CNNA.PillarA.BuildAll,CNNA.PillarA.Sectors.BuildAll,internal
CNNA.PillarA.BuildAll,CNNA.PillarA.Structural.BuildAll,internal
CNNA.PillarA.BuildAll,CNNA.PillarA.ToC.BuildAll,internal
CNNA.PillarA.Closure.BuildAll,CNNA.PillarA.Closure.Notation,internal
CNNA.PillarA.Closure.BuildAll,CNNA.PillarA.Closure.ParameterClosure,internal
CNNA.PillarA.Closure.BuildAll,CNNA.PillarA.Closure.RegularizationClosure,internal
CNNA.PillarA.Closure.Notation,CNNA.PillarA.Closure.RegularizationClosure,internal
CNNA.PillarA.Closure.ParameterClosure,CNNA.PillarA.DtN.DtNStabilized,internal
CNNA.PillarA.Closure.ParameterClosure,CNNA.PillarA.Sectors.BranchingSelector,internal
CNNA.PillarA.Closure.RegularizationClosure,CNNA.PillarA.Closure.ParameterClosure,internal
CNNA.PillarA.Coupling.BuildAll,CNNA.PillarA.Coupling.GeneralizedDtN,internal
CNNA.PillarA.Coupling.BuildAll,CNNA.PillarA.Coupling.MultiSchur,internal
CNNA.PillarA.Coupling.BuildAll,CNNA.PillarA.Coupling.Notation,internal
CNNA.PillarA.Coupling.GeneralizedDtN,CNNA.PillarA.DtN.DtN,internal
CNNA.PillarA.Coupling.GeneralizedDtN,CNNA.PillarA.Sectors.SectorSplit,internal
CNNA.PillarA.Coupling.MultiSchur,CNNA.PillarA.Coupling.GeneralizedDtN,internal
CNNA.PillarA.Coupling.Notation,CNNA.PillarA.Coupling.MultiSchur,internal
CNNA.PillarA.DtN.BuildAll,CNNA.PillarA.DtN.DtN,internal
CNNA.PillarA.DtN.BuildAll,CNNA.PillarA.DtN.DtNStabilized,internal
CNNA.PillarA.DtN.BuildAll,CNNA.PillarA.DtN.Notation,internal
CNNA.PillarA.DtN.DtN,CNNA.PillarA.Finite.DirichletLaplacian,internal
CNNA.PillarA.DtN.DtNStabilized,CNNA.PillarA.DtN.DtN,internal
CNNA.PillarA.DtN.DtNStabilized,CNNA.PillarA.Foundation.MatrixNorms,internal
CNNA.PillarA.DtN.DtNStabilized,CNNA.PillarA.Foundation.RegularizationPolicy,internal
CNNA.PillarA.DtN.Notation,CNNA.PillarA.DtN.DtNStabilized,internal
CNNA.PillarA.Finite.Approximant,CNNA.PillarA.Finite.BoundaryPorts,internal
CNNA.PillarA.Finite.BoundaryPorts,CNNA.PillarA.Finite.RegionCore,internal
CNNA.PillarA.Finite.BuildAll,CNNA.PillarA.Finite.Approximant,internal
CNNA.PillarA.Finite.BuildAll,CNNA.PillarA.Finite.BoundaryPorts,internal
CNNA.PillarA.Finite.BuildAll,CNNA.PillarA.Finite.ChannelSeed,internal
CNNA.PillarA.Finite.BuildAll,CNNA.PillarA.Finite.CutSpec,internal
CNNA.PillarA.Finite.BuildAll,CNNA.PillarA.Finite.DirichletLaplacian,internal
CNNA.PillarA.Finite.BuildAll,CNNA.PillarA.Finite.DynamicsAdapter,internal
CNNA.PillarA.Finite.BuildAll,CNNA.PillarA.Finite.ExecSpectral.BuildAll,internal
CNNA.PillarA.Finite.BuildAll,CNNA.PillarA.Finite.GibbsStateSeed,internal
CNNA.PillarA.Finite.BuildAll,CNNA.PillarA.Finite.MatrixExponential,internal
CNNA.PillarA.Finite.BuildAll,CNNA.PillarA.Finite.Notation,internal
CNNA.PillarA.Finite.BuildAll,CNNA.PillarA.Finite.RegionCore,internal
CNNA.PillarA.Finite.BuildAll,CNNA.PillarA.Finite.Selection,internal
CNNA.PillarA.Finite.BuildAll,CNNA.PillarA.Finite.SpectralBridge,internal
CNNA.PillarA.Finite.BuildAll,CNNA.PillarA.Finite.SpectralDecomposition,internal
CNNA.PillarA.Finite.BuildAll,CNNA.PillarA.Finite.SpectralDecompositionC,internal
CNNA.PillarA.Finite.BuildAll,CNNA.PillarA.Finite.StateSpace,internal
CNNA.PillarA.Finite.BuildAll,CNNA.PillarA.Finite.UnitaryEvolution,internal
CNNA.PillarA.Finite.ChannelSeed,CNNA.PillarA.Finite.DynamicsAdapter,internal
CNNA.PillarA.Finite.CutSpec,CNNA.PillarA.ToC.Notation,internal
CNNA.PillarA.Finite.DirichletLaplacian,CNNA.PillarA.Finite.Approximant,internal
CNNA.PillarA.Finite.DirichletLaplacian,CNNA.PillarA.Foundation.MatrixNorms,internal
CNNA.PillarA.Finite.DirichletLaplacian,CNNA.PillarA.Foundation.WeightPolicy,internal
CNNA.PillarA.Finite.DynamicsAdapter,CNNA.PillarA.Finite.UnitaryEvolution,internal
CNNA.PillarA.Finite.ExecSpectral.BuildAll,CNNA.PillarA.Finite.ExecSpectral.Certificates,internal
CNNA.PillarA.Finite.ExecSpectral.BuildAll,CNNA.PillarA.Finite.ExecSpectral.CharpolyCore,internal
CNNA.PillarA.Finite.ExecSpectral.BuildAll,CNNA.PillarA.Finite.ExecSpectral.EigenvectorKernel,internal
CNNA.PillarA.Finite.ExecSpectral.BuildAll,CNNA.PillarA.Finite.ExecSpectral.PolynomialCore,internal
CNNA.PillarA.Finite.ExecSpectral.BuildAll,CNNA.PillarA.Finite.ExecSpectral.ProjectorCore,internal
CNNA.PillarA.Finite.ExecSpectral.BuildAll,CNNA.PillarA.Finite.ExecSpectral.RootIsolation,internal
CNNA.PillarA.Finite.ExecSpectral.Certificates,CNNA.PillarA.Finite.ExecSpectral.ProjectorCore,internal
CNNA.PillarA.Finite.ExecSpectral.CharpolyCore,CNNA.PillarA.Finite.ExecSpectral.PolynomialCore,internal
CNNA.PillarA.Finite.ExecSpectral.EigenvectorKernel,CNNA.PillarA.Finite.ExecSpectral.RootIsolation,internal
CNNA.PillarA.Finite.ExecSpectral.Notation,CNNA.PillarA.Finite.ExecSpectral.BuildAll,internal
CNNA.PillarA.Finite.ExecSpectral.PolynomialCore,CNNA.PillarA.Finite.SpectralDecompositionCore,internal
CNNA.PillarA.Finite.ExecSpectral.ProjectorCore,CNNA.PillarA.Finite.ExecSpectral.EigenvectorKernel,internal
CNNA.PillarA.Finite.ExecSpectral.RootIsolation,CNNA.PillarA.Finite.ExecSpectral.CharpolyCore,internal
CNNA.PillarA.Finite.GibbsStateSeed,CNNA.PillarA.Finite.MatrixExponential,internal
CNNA.PillarA.Finite.MatrixExponential,CNNA.PillarA.Finite.StateSpace,internal
CNNA.PillarA.Finite.Notation,CNNA.PillarA.Finite.ChannelSeed,internal
CNNA.PillarA.Finite.Notation,CNNA.PillarA.Finite.DirichletLaplacian,internal
CNNA.PillarA.Finite.Notation,CNNA.PillarA.Finite.DynamicsAdapter,internal
CNNA.PillarA.Finite.Notation,CNNA.PillarA.Finite.ExecSpectral.Notation,internal
CNNA.PillarA.Finite.Notation,CNNA.PillarA.Finite.GibbsStateSeed,internal
CNNA.PillarA.Finite.Notation,CNNA.PillarA.Finite.MatrixExponential,internal
CNNA.PillarA.Finite.Notation,CNNA.PillarA.Finite.Selection,internal
CNNA.PillarA.Finite.Notation,CNNA.PillarA.Finite.SpectralBridge,internal
CNNA.PillarA.Finite.Notation,CNNA.PillarA.Finite.SpectralDecomposition,internal
CNNA.PillarA.Finite.Notation,CNNA.PillarA.Finite.SpectralDecompositionC,internal
CNNA.PillarA.Finite.Notation,CNNA.PillarA.Finite.StateSpace,internal
CNNA.PillarA.Finite.Notation,CNNA.PillarA.Finite.UnitaryEvolution,internal
CNNA.PillarA.Finite.RegionCore,CNNA.PillarA.Finite.CutSpec,internal
CNNA.PillarA.Finite.Selection,CNNA.PillarA.Finite.Approximant,internal
CNNA.PillarA.Finite.SpectralBridge,CNNA.PillarA.Finite.SpectralDecompositionC,internal
CNNA.PillarA.Finite.SpectralDecomposition,CNNA.PillarA.Finite.ExecSpectral.Certificates,internal
CNNA.PillarA.Finite.SpectralDecomposition,CNNA.PillarA.Finite.SpectralDecompositionCore,internal
CNNA.PillarA.Finite.SpectralDecompositionC,CNNA.PillarA.Finite.SpectralDecompositionCore,internal
CNNA.PillarA.Finite.SpectralDecompositionC,CNNA.PillarA.Foundation.ExecComplexBridge,internal
CNNA.PillarA.Finite.SpectralDecompositionCore,CNNA.PillarA.Finite.DirichletLaplacian,internal
CNNA.PillarA.Finite.StateSpace,CNNA.PillarA.Finite.SpectralBridge,internal
CNNA.PillarA.Finite.UnitaryEvolution,CNNA.PillarA.Finite.MatrixExponential,internal
CNNA.PillarA.Foundation.BuildAll,CNNA.PillarA.Foundation.ConcreteSubstrate,internal
CNNA.PillarA.Foundation.BuildAll,CNNA.PillarA.Foundation.Determinism,internal
CNNA.PillarA.Foundation.BuildAll,CNNA.PillarA.Foundation.ExecComplex,internal
CNNA.PillarA.Foundation.BuildAll,CNNA.PillarA.Foundation.ExecComplexBridge,internal
CNNA.PillarA.Foundation.BuildAll,CNNA.PillarA.Foundation.ExecComplexLemmas,internal
CNNA.PillarA.Foundation.BuildAll,CNNA.PillarA.Foundation.FiniteHilbert,internal
CNNA.PillarA.Foundation.BuildAll,CNNA.PillarA.Foundation.HermitianStructure,internal
CNNA.PillarA.Foundation.BuildAll,CNNA.PillarA.Foundation.Interfaces,internal
CNNA.PillarA.Foundation.BuildAll,CNNA.PillarA.Foundation.LevelVariableSubstrate,internal
CNNA.PillarA.Foundation.BuildAll,CNNA.PillarA.Foundation.MatrixAlgebra,internal
CNNA.PillarA.Foundation.BuildAll,CNNA.PillarA.Foundation.MatrixNorms,internal
CNNA.PillarA.Foundation.BuildAll,CNNA.PillarA.Foundation.Notation,internal
CNNA.PillarA.Foundation.BuildAll,CNNA.PillarA.Foundation.RegularizationPolicy,internal
CNNA.PillarA.Foundation.BuildAll,CNNA.PillarA.Foundation.SubstrateAnalysis,internal
CNNA.PillarA.Foundation.BuildAll,CNNA.PillarA.Foundation.SubstrateClass,internal
CNNA.PillarA.Foundation.BuildAll,CNNA.PillarA.Foundation.WeightPolicy,internal
CNNA.PillarA.Foundation.ConcreteSubstrate,CNNA.PillarA.Foundation.Determinism,internal
CNNA.PillarA.Foundation.Determinism,CNNA.PillarA.Foundation.Interfaces,internal
CNNA.PillarA.Foundation.ExecComplex,CNNA.PillarA.Foundation.HermitianStructure,internal
CNNA.PillarA.Foundation.ExecComplexBridge,CNNA.PillarA.Foundation.MatrixAlgebra,internal
CNNA.PillarA.Foundation.ExecComplexBridge,CNNA.PillarA.Foundation.MatrixNorms,internal
CNNA.PillarA.Foundation.ExecComplexLemmas,CNNA.PillarA.Foundation.ExecComplex,internal
CNNA.PillarA.Foundation.FiniteHilbert,CNNA.PillarA.Foundation.HermitianStructure,internal
CNNA.PillarA.Foundation.Interfaces,CNNA.PillarA.Foundation.FiniteHilbert,internal
CNNA.PillarA.Foundation.Interfaces,CNNA.PillarA.Foundation.MatrixAlgebra,internal
CNNA.PillarA.Foundation.Interfaces,CNNA.PillarA.Foundation.MatrixNorms,internal
CNNA.PillarA.Foundation.Interfaces,CNNA.PillarA.Foundation.SubstrateClass,internal
CNNA.PillarA.Foundation.LevelVariableSubstrate,CNNA.PillarA.Foundation.Determinism,internal
CNNA.PillarA.Foundation.MatrixAlgebra,CNNA.PillarA.Foundation.FiniteHilbert,internal
CNNA.PillarA.Foundation.MatrixNorms,CNNA.PillarA.Foundation.ExecComplex,internal
CNNA.PillarA.Foundation.Notation,CNNA.PillarA.Foundation.ConcreteSubstrate,internal
CNNA.PillarA.Foundation.Notation,CNNA.PillarA.Foundation.ExecComplex,internal
CNNA.PillarA.Foundation.Notation,CNNA.PillarA.Foundation.Interfaces,internal
CNNA.PillarA.Foundation.Notation,CNNA.PillarA.Foundation.LevelVariableSubstrate,internal
CNNA.PillarA.Foundation.Notation,CNNA.PillarA.Foundation.MatrixAlgebra,internal
CNNA.PillarA.Foundation.Notation,CNNA.PillarA.Foundation.MatrixNorms,internal
CNNA.PillarA.Foundation.Notation,CNNA.PillarA.Foundation.RegularizationPolicy,internal
CNNA.PillarA.Foundation.Notation,CNNA.PillarA.Foundation.SubstrateAnalysis,internal
CNNA.PillarA.Foundation.Notation,CNNA.PillarA.Foundation.SubstrateClass,internal
CNNA.PillarA.Foundation.Notation,CNNA.PillarA.Foundation.WeightPolicy,internal
CNNA.PillarA.Foundation.RegularizationPolicy,CNNA.PillarA.Foundation.Determinism,internal
CNNA.PillarA.Foundation.RegularizationPolicy,CNNA.PillarA.Foundation.MatrixNorms,internal
CNNA.PillarA.Foundation.SubstrateAnalysis,CNNA.PillarA.Foundation.ConcreteSubstrate,internal
CNNA.PillarA.Foundation.SubstrateAnalysis,CNNA.PillarA.Foundation.LevelVariableSubstrate,internal
CNNA.PillarA.Foundation.WeightPolicy,CNNA.PillarA.Foundation.Determinism,internal
CNNA.PillarA.Geometry.BuildAll,CNNA.PillarA.Geometry.Foliation,internal
CNNA.PillarA.Geometry.BuildAll,CNNA.PillarA.Geometry.LCPMeasure,internal
CNNA.PillarA.Geometry.BuildAll,CNNA.PillarA.Geometry.Notation,internal
CNNA.PillarA.Geometry.BuildAll,CNNA.PillarA.Geometry.SpacetimePaths,internal
CNNA.PillarA.Geometry.Foliation,CNNA.PillarA.Geometry.LCPMeasure,internal
CNNA.PillarA.Geometry.LCPMeasure,CNNA.PillarA.ToC.Addressing,internal
CNNA.PillarA.Geometry.Notation,CNNA.PillarA.Geometry.SpacetimePaths,internal
CNNA.PillarA.Geometry.SpacetimePaths,CNNA.PillarA.Geometry.Foliation,internal
CNNA.PillarA.Handoff.BuildAll,CNNA.PillarA.Handoff.CayleyDicksonAdapter,internal
CNNA.PillarA.Handoff.BuildAll,CNNA.PillarA.Handoff.Core.BuildAll,internal
CNNA.PillarA.Handoff.BuildAll,CNNA.PillarA.Handoff.Inputs.BuildAll,internal
CNNA.PillarA.Handoff.BuildAll,CNNA.PillarA.Handoff.Notation,internal
CNNA.PillarA.Handoff.BuildAll,CNNA.PillarA.Handoff.Outputs.BuildAll,internal
CNNA.PillarA.Handoff.BuildAll,CNNA.PillarA.Handoff.ProofObligationI.BuildAll,internal
CNNA.PillarA.Handoff.BuildAll,CNNA.PillarA.Handoff.ProofObligationII.BuildAll,internal
CNNA.PillarA.Handoff.BuildAll,CNNA.PillarA.Handoff.ProofObligationIII.BuildAll,internal
CNNA.PillarA.Handoff.CayleyDicksonAdapter,CNNA.PillarA.Handoff.Outputs.Closed,internal
CNNA.PillarA.Handoff.CayleyDicksonAdapter,CNNA.PillarA.Structural.CayleyDickson.S6ProofDutyGroups,internal
CNNA.PillarA.Handoff.CayleyDicksonAdapter,CNNA.PillarA.Structural.CayleyDickson.S6StatusLayer,internal
CNNA.PillarA.Handoff.Core.BuildAll,CNNA.PillarA.Handoff.Core.SectorExport,internal
CNNA.PillarA.Handoff.Core.BuildAll,CNNA.PillarA.Handoff.Core.Step1MathData,internal
CNNA.PillarA.Handoff.Core.BuildAll,CNNA.PillarA.Handoff.Core.Step1StrongCore,internal
CNNA.PillarA.Handoff.Core.SectorExport,CNNA.PillarA.Closure.Notation,internal
CNNA.PillarA.Handoff.Core.SectorExport,CNNA.PillarA.Closure.RegularizationClosure,internal
CNNA.PillarA.Handoff.Core.SectorExport,CNNA.PillarA.Coupling.MultiSchur,internal
CNNA.PillarA.Handoff.Core.SectorExport,CNNA.PillarA.DtN.Notation,internal
CNNA.PillarA.Handoff.Core.SectorExport,CNNA.PillarA.Network.InfiniteCarrier,internal
CNNA.PillarA.Handoff.Core.Step1MathData,CNNA.PillarA.Handoff.Core.Step1StrongCore,internal
CNNA.PillarA.Handoff.Core.Step1StrongCore,CNNA.PillarA.Handoff.Core.SectorExport,internal
CNNA.PillarA.Handoff.Inputs.B_to_A,CNNA.PillarA.Handoff.Outputs.Closed,internal
CNNA.PillarA.Handoff.Inputs.BuildAll,CNNA.PillarA.Handoff.Inputs.B_to_A,internal
CNNA.PillarA.Handoff.Inputs.BuildAll,CNNA.PillarA.Handoff.Inputs.C_to_A,internal
CNNA.PillarA.Handoff.Inputs.BuildAll,CNNA.PillarA.Handoff.Inputs.D_to_A,internal
CNNA.PillarA.Handoff.Inputs.BuildAll,CNNA.PillarA.Handoff.Inputs.E_to_A,internal
CNNA.PillarA.Handoff.Inputs.C_to_A,CNNA.PillarA.Handoff.Outputs.Closed,internal
CNNA.PillarA.Handoff.Inputs.D_to_A,CNNA.PillarA.Handoff.Outputs.Closed,internal
CNNA.PillarA.Handoff.Inputs.E_to_A,CNNA.PillarA.Handoff.Outputs.Closed,internal
CNNA.PillarA.Handoff.Notation,CNNA.PillarA.Handoff.Core.BuildAll,internal
CNNA.PillarA.Handoff.Notation,CNNA.PillarA.Handoff.Inputs.BuildAll,internal
CNNA.PillarA.Handoff.Notation,CNNA.PillarA.Handoff.Outputs.BuildAll,internal
CNNA.PillarA.Handoff.Notation,CNNA.PillarA.Handoff.ProofObligationI.BuildAll,internal
CNNA.PillarA.Handoff.Notation,CNNA.PillarA.Handoff.ProofObligationII.BuildAll,internal
CNNA.PillarA.Handoff.Notation,CNNA.PillarA.Handoff.ProofObligationIII.BuildAll,internal
CNNA.PillarA.Handoff.Outputs.A_to_B,CNNA.PillarA.Handoff.Core.Step1MathData,internal
CNNA.PillarA.Handoff.Outputs.A_to_C,CNNA.PillarA.Handoff.Core.SectorExport,internal
CNNA.PillarA.Handoff.Outputs.A_to_CayleyDickson,CNNA.PillarA.Handoff.CayleyDicksonAdapter,internal
CNNA.PillarA.Handoff.Outputs.A_to_D,CNNA.PillarA.Handoff.Core.SectorExport,internal
CNNA.PillarA.Handoff.Outputs.A_to_E,CNNA.PillarA.Handoff.Core.SectorExport,internal
CNNA.PillarA.Handoff.Outputs.BuildAll,CNNA.PillarA.Handoff.Outputs.A_to_B,internal
CNNA.PillarA.Handoff.Outputs.BuildAll,CNNA.PillarA.Handoff.Outputs.A_to_C,internal
CNNA.PillarA.Handoff.Outputs.BuildAll,CNNA.PillarA.Handoff.Outputs.A_to_CayleyDickson,internal
CNNA.PillarA.Handoff.Outputs.BuildAll,CNNA.PillarA.Handoff.Outputs.A_to_D,internal
CNNA.PillarA.Handoff.Outputs.BuildAll,CNNA.PillarA.Handoff.Outputs.A_to_E,internal
CNNA.PillarA.Handoff.Outputs.BuildAll,CNNA.PillarA.Handoff.Outputs.Closed,internal
CNNA.PillarA.Handoff.Outputs.Closed,CNNA.PillarA.Handoff.Outputs.A_to_B,internal
CNNA.PillarA.Handoff.ProofObligationI.BuildAll,CNNA.PillarA.Handoff.ProofObligationI.Completion,internal
CNNA.PillarA.Handoff.ProofObligationI.Completion,CNNA.PillarA.Handoff.CayleyDicksonAdapter,internal
CNNA.PillarA.Handoff.ProofObligationII.BuildAll,CNNA.PillarA.Handoff.ProofObligationII.Preparation,internal
CNNA.PillarA.Handoff.ProofObligationII.Preparation,CNNA.PillarA.Handoff.CayleyDicksonAdapter,internal
CNNA.PillarA.Handoff.ProofObligationIII.BuildAll,CNNA.PillarA.Handoff.ProofObligationIII.Preparation,internal
CNNA.PillarA.Handoff.ProofObligationIII.Preparation,CNNA.PillarA.Handoff.CayleyDicksonAdapter,internal
CNNA.PillarA.Network.BuildAll,CNNA.PillarA.Network.InfiniteCarrier,internal
CNNA.PillarA.Network.BuildAll,CNNA.PillarA.Network.Notation,internal
CNNA.PillarA.Network.BuildAll,CNNA.PillarA.Network.RegionNet,internal
CNNA.PillarA.Network.BuildAll,CNNA.PillarA.Network.RelativeEntropyFlow,internal
CNNA.PillarA.Network.BuildAll,CNNA.PillarA.Network.SectorChannels,internal
CNNA.PillarA.Network.BuildAll,CNNA.PillarA.Network.SectorSysEnv,internal
CNNA.PillarA.Network.InfiniteCarrier,CNNA.PillarA.Network.RegionNet,internal
CNNA.PillarA.Network.Notation,CNNA.PillarA.Network.InfiniteCarrier,internal
CNNA.PillarA.Network.Notation,CNNA.PillarA.Network.RegionNet,internal
CNNA.PillarA.Network.Notation,CNNA.PillarA.Network.RelativeEntropyFlow,internal
CNNA.PillarA.Network.Notation,CNNA.PillarA.Network.SectorChannels,internal
CNNA.PillarA.Network.RegionNet,CNNA.PillarA.Sectors.SectorSplit,internal
CNNA.PillarA.Network.RelativeEntropyFlow,CNNA.PillarA.Network.SectorSysEnv,internal
CNNA.PillarA.Network.SectorChannels,CNNA.PillarA.Coupling.GeneralizedDtN,internal
CNNA.PillarA.Network.SectorSysEnv,CNNA.PillarA.Network.SectorChannels,internal
CNNA.PillarA.Notation,CNNA.PillarA.Arithmetic.Notation,internal
CNNA.PillarA.Notation,CNNA.PillarA.Closure.Notation,internal
CNNA.PillarA.Notation,CNNA.PillarA.Coupling.Notation,internal
CNNA.PillarA.Notation,CNNA.PillarA.DtN.Notation,internal
CNNA.PillarA.Notation,CNNA.PillarA.Finite.Notation,internal
CNNA.PillarA.Notation,CNNA.PillarA.Foundation.Notation,internal
CNNA.PillarA.Notation,CNNA.PillarA.Geometry.Notation,internal
CNNA.PillarA.Notation,CNNA.PillarA.Handoff.Notation,internal
CNNA.PillarA.Notation,CNNA.PillarA.Network.Notation,internal
CNNA.PillarA.Notation,CNNA.PillarA.Sectors.Notation,internal
CNNA.PillarA.Notation,CNNA.PillarA.ToC.Notation,internal
CNNA.PillarA.Sectors.BranchPatch,CNNA.PillarA.DtN.DtNStabilized,internal
CNNA.PillarA.Sectors.BranchingSelector,CNNA.PillarA.Sectors.UVSpectralSelector,internal
CNNA.PillarA.Sectors.BranchingWitness,CNNA.PillarA.Sectors.SectorSplit,internal
CNNA.PillarA.Sectors.BuildAll,CNNA.PillarA.Sectors.BranchPatch,internal
CNNA.PillarA.Sectors.BuildAll,CNNA.PillarA.Sectors.BranchingSelector,internal
CNNA.PillarA.Sectors.BuildAll,CNNA.PillarA.Sectors.BranchingWitness,internal
CNNA.PillarA.Sectors.BuildAll,CNNA.PillarA.Sectors.ComplementSectorFamily,internal
CNNA.PillarA.Sectors.BuildAll,CNNA.PillarA.Sectors.Notation,internal
CNNA.PillarA.Sectors.BuildAll,CNNA.PillarA.Sectors.SectorSplit,internal
CNNA.PillarA.Sectors.BuildAll,CNNA.PillarA.Sectors.SelectedBranching,internal
CNNA.PillarA.Sectors.BuildAll,CNNA.PillarA.Sectors.UVSpectralSelector,internal
CNNA.PillarA.Sectors.ComplementSectorFamily,CNNA.PillarA.Sectors.BranchPatch,internal
CNNA.PillarA.Sectors.Notation,CNNA.PillarA.Sectors.BranchingSelector,internal
CNNA.PillarA.Sectors.SectorSplit,CNNA.PillarA.Sectors.ComplementSectorFamily,internal
CNNA.PillarA.Sectors.SelectedBranching,CNNA.PillarA.Sectors.BranchingWitness,internal
CNNA.PillarA.Sectors.UVSpectralSelector,CNNA.PillarA.Sectors.SelectedBranching,internal
CNNA.PillarA.Structural.BuildAll,CNNA.PillarA.Structural.CayleyDickson.BuildAll,internal
CNNA.PillarA.Structural.CayleyDickson.BuildAll,CNNA.PillarA.Structural.CayleyDickson.S6AdditionalFinding,internal
CNNA.PillarA.Structural.CayleyDickson.BuildAll,CNNA.PillarA.Structural.CayleyDickson.S6AlternativeLawScaffold,internal
CNNA.PillarA.Structural.CayleyDickson.BuildAll,CNNA.PillarA.Structural.CayleyDickson.S6CanonicalDivisionFromNormSq,internal
CNNA.PillarA.Structural.CayleyDickson.BuildAll,CNNA.PillarA.Structural.CayleyDickson.S6CanonicalIdealAlgebraizationPath,internal
CNNA.PillarA.Structural.CayleyDickson.BuildAll,CNNA.PillarA.Structural.CayleyDickson.S6CanonicalNormSqBlockSystem,internal
CNNA.PillarA.Structural.CayleyDickson.BuildAll,CNNA.PillarA.Structural.CayleyDickson.S6CanonicalNormSqCandidate,internal
CNNA.PillarA.Structural.CayleyDickson.BuildAll,CNNA.PillarA.Structural.CayleyDickson.S6CanonicalNormSqDefined,internal
CNNA.PillarA.Structural.CayleyDickson.BuildAll,CNNA.PillarA.Structural.CayleyDickson.S6CanonicalNormSqReduction,internal
CNNA.PillarA.Structural.CayleyDickson.BuildAll,CNNA.PillarA.Structural.CayleyDickson.S6CanonicalNormSqSimultaneousSystem,internal
CNNA.PillarA.Structural.CayleyDickson.BuildAll,CNNA.PillarA.Structural.CayleyDickson.S6CanonicalProductMultiplicationCandidate,internal
CNNA.PillarA.Structural.CayleyDickson.BuildAll,CNNA.PillarA.Structural.CayleyDickson.S6CanonicalProductSurfaceCandidate,internal
CNNA.PillarA.Structural.CayleyDickson.BuildAll,CNNA.PillarA.Structural.CayleyDickson.S6CanonicalScalarPart,internal
CNNA.PillarA.Structural.CayleyDickson.BuildAll,CNNA.PillarA.Structural.CayleyDickson.S6CanonicalStar,internal
CNNA.PillarA.Structural.CayleyDickson.BuildAll,CNNA.PillarA.Structural.CayleyDickson.S6CayleyDicksonIdentification,internal
CNNA.PillarA.Structural.CayleyDickson.BuildAll,CNNA.PillarA.Structural.CayleyDickson.S6ConcreteSeeds,internal
CNNA.PillarA.Structural.CayleyDickson.BuildAll,CNNA.PillarA.Structural.CayleyDickson.S6DivisionConclusionDecomposition,internal
CNNA.PillarA.Structural.CayleyDickson.BuildAll,CNNA.PillarA.Structural.CayleyDickson.S6DivisionConclusionScaffold,internal
CNNA.PillarA.Structural.CayleyDickson.BuildAll,CNNA.PillarA.Structural.CayleyDickson.S6DivisionUpgrade,internal
CNNA.PillarA.Structural.CayleyDickson.BuildAll,CNNA.PillarA.Structural.CayleyDickson.S6FullAlternativeLawBoundary,internal
CNNA.PillarA.Structural.CayleyDickson.BuildAll,CNNA.PillarA.Structural.CayleyDickson.S6HurwitzStopSeed,internal
CNNA.PillarA.Structural.CayleyDickson.BuildAll,CNNA.PillarA.Structural.CayleyDickson.S6NormDefinitenessScaffold,internal
CNNA.PillarA.Structural.CayleyDickson.BuildAll,CNNA.PillarA.Structural.CayleyDickson.S6NormMultiplicativityScaffold,internal
CNNA.PillarA.Structural.CayleyDickson.BuildAll,CNNA.PillarA.Structural.CayleyDickson.S6NormUpgrade,internal
CNNA.PillarA.Structural.CayleyDickson.BuildAll,CNNA.PillarA.Structural.CayleyDickson.S6OctonionicSeed,internal
CNNA.PillarA.Structural.CayleyDickson.BuildAll,CNNA.PillarA.Structural.CayleyDickson.S6PhaseICompactClosure,internal
CNNA.PillarA.Structural.CayleyDickson.BuildAll,CNNA.PillarA.Structural.CayleyDickson.S6ProofDutyGroups,internal
CNNA.PillarA.Structural.CayleyDickson.BuildAll,CNNA.PillarA.Structural.CayleyDickson.S6QuaternionicSeed,internal
CNNA.PillarA.Structural.CayleyDickson.BuildAll,CNNA.PillarA.Structural.CayleyDickson.S6ResearchReadinessBridge,internal
CNNA.PillarA.Structural.CayleyDickson.BuildAll,CNNA.PillarA.Structural.CayleyDickson.S6ResearchSchema,internal
CNNA.PillarA.Structural.CayleyDickson.BuildAll,CNNA.PillarA.Structural.CayleyDickson.S6RoleCompositionSeed,internal
CNNA.PillarA.Structural.CayleyDickson.BuildAll,CNNA.PillarA.Structural.CayleyDickson.S6Slot1AlternativeLaw,internal
CNNA.PillarA.Structural.CayleyDickson.BuildAll,CNNA.PillarA.Structural.CayleyDickson.S6Slot2NormSqMultiplicativity,internal
CNNA.PillarA.Structural.CayleyDickson.BuildAll,CNNA.PillarA.Structural.CayleyDickson.S6Slot3DivisionFromNormSqLogic,internal
CNNA.PillarA.Structural.CayleyDickson.BuildAll,CNNA.PillarA.Structural.CayleyDickson.S6StatusLayer,internal
CNNA.PillarA.Structural.CayleyDickson.BuildAll,CNNA.PillarA.Structural.CayleyDickson.Source,internal
CNNA.PillarA.Structural.CayleyDickson.S6AdditionalFinding,CNNA.PillarA.Structural.CayleyDickson.Source,internal
CNNA.PillarA.Structural.CayleyDickson.S6AlternativeLawScaffold,CNNA.PillarA.Structural.CayleyDickson.S6CayleyDicksonIdentification,internal
CNNA.PillarA.Structural.CayleyDickson.S6CanonicalDivisionFromNormSq,CNNA.PillarA.Structural.CayleyDickson.S6CanonicalNormSqDefined,internal
CNNA.PillarA.Structural.CayleyDickson.S6CanonicalDivisionFromNormSq,CNNA.PillarA.Structural.CayleyDickson.S6Slot3DivisionFromNormSqLogic,internal
CNNA.PillarA.Structural.CayleyDickson.S6CanonicalIdealAlgebraizationPath,CNNA.PillarA.Structural.CayleyDickson.S6DivisionUpgrade,internal
CNNA.PillarA.Structural.CayleyDickson.S6CanonicalNormSqBlockSystem,CNNA.PillarA.Structural.CayleyDickson.S6CanonicalDivisionFromNormSq,internal
CNNA.PillarA.Structural.CayleyDickson.S6CanonicalNormSqBlockSystem,CNNA.PillarA.Structural.CayleyDickson.S6CanonicalNormSqReduction,internal
CNNA.PillarA.Structural.CayleyDickson.S6CanonicalNormSqCandidate,CNNA.PillarA.Structural.CayleyDickson.S6CanonicalProductMultiplicationCandidate,internal
CNNA.PillarA.Structural.CayleyDickson.S6CanonicalNormSqCandidate,CNNA.PillarA.Structural.CayleyDickson.S6Slot2NormSqMultiplicativity,internal
CNNA.PillarA.Structural.CayleyDickson.S6CanonicalNormSqDefined,CNNA.PillarA.Structural.CayleyDickson.S6CanonicalNormSqCandidate,internal
CNNA.PillarA.Structural.CayleyDickson.S6CanonicalNormSqDefined,CNNA.PillarA.Structural.CayleyDickson.S6CanonicalScalarPart,internal
CNNA.PillarA.Structural.CayleyDickson.S6CanonicalNormSqReduction,CNNA.PillarA.Structural.CayleyDickson.S6CanonicalNormSqDefined,internal
CNNA.PillarA.Structural.CayleyDickson.S6CanonicalNormSqSimultaneousSystem,CNNA.PillarA.Structural.CayleyDickson.S6CanonicalNormSqBlockSystem,internal
CNNA.PillarA.Structural.CayleyDickson.S6CanonicalProductMultiplicationCandidate,CNNA.PillarA.Structural.CayleyDickson.S6CanonicalProductSurfaceCandidate,internal
CNNA.PillarA.Structural.CayleyDickson.S6CanonicalProductSurfaceCandidate,CNNA.PillarA.Structural.CayleyDickson.S6FullAlternativeLawBoundary,internal
CNNA.PillarA.Structural.CayleyDickson.S6CanonicalScalarPart,CNNA.PillarA.Foundation.MatrixNorms,internal
CNNA.PillarA.Structural.CayleyDickson.S6CanonicalScalarPart,CNNA.PillarA.Structural.CayleyDickson.S6CanonicalStar,internal
CNNA.PillarA.Structural.CayleyDickson.S6CanonicalStar,CNNA.PillarA.Structural.CayleyDickson.S6CanonicalProductSurfaceCandidate,internal
CNNA.PillarA.Structural.CayleyDickson.S6CayleyDicksonIdentification,CNNA.PillarA.Foundation.MatrixNorms,internal
CNNA.PillarA.Structural.CayleyDickson.S6CayleyDicksonIdentification,CNNA.PillarA.Structural.CayleyDickson.S6ResearchSchema,internal
CNNA.PillarA.Structural.CayleyDickson.S6ConcreteSeeds,CNNA.PillarA.Structural.CayleyDickson.S6StatusLayer,internal
CNNA.PillarA.Structural.CayleyDickson.S6DivisionConclusionDecomposition,CNNA.PillarA.Structural.CayleyDickson.S6PhaseICompactClosure,internal
CNNA.PillarA.Structural.CayleyDickson.S6DivisionConclusionScaffold,CNNA.PillarA.Structural.CayleyDickson.S6CanonicalIdealAlgebraizationPath,internal
CNNA.PillarA.Structural.CayleyDickson.S6DivisionConclusionScaffold,CNNA.PillarA.Structural.CayleyDickson.S6NormMultiplicativityScaffold,internal
CNNA.PillarA.Structural.CayleyDickson.S6DivisionUpgrade,CNNA.PillarA.Structural.CayleyDickson.S6AlternativeLawScaffold,internal
CNNA.PillarA.Structural.CayleyDickson.S6DivisionUpgrade,CNNA.PillarA.Structural.CayleyDickson.S6NormUpgrade,internal
CNNA.PillarA.Structural.CayleyDickson.S6FullAlternativeLawBoundary,CNNA.PillarA.Structural.CayleyDickson.S6AlternativeLawScaffold,internal
CNNA.PillarA.Structural.CayleyDickson.S6HurwitzStopSeed,CNNA.PillarA.Structural.CayleyDickson.S6OctonionicSeed,internal
CNNA.PillarA.Structural.CayleyDickson.S6NormDefinitenessScaffold,CNNA.PillarA.Structural.CayleyDickson.S6NormUpgrade,internal
CNNA.PillarA.Structural.CayleyDickson.S6NormMultiplicativityScaffold,CNNA.PillarA.Structural.CayleyDickson.S6DivisionUpgrade,internal
CNNA.PillarA.Structural.CayleyDickson.S6NormMultiplicativityScaffold,CNNA.PillarA.Structural.CayleyDickson.S6NormDefinitenessScaffold,internal
CNNA.PillarA.Structural.CayleyDickson.S6NormUpgrade,CNNA.PillarA.Structural.CayleyDickson.S6CayleyDicksonIdentification,internal
CNNA.PillarA.Structural.CayleyDickson.S6OctonionicSeed,CNNA.PillarA.Structural.CayleyDickson.S6QuaternionicSeed,internal
CNNA.PillarA.Structural.CayleyDickson.S6PhaseICompactClosure,CNNA.PillarA.Structural.CayleyDickson.S6DivisionConclusionScaffold,internal
CNNA.PillarA.Structural.CayleyDickson.S6ProofDutyGroups,CNNA.PillarA.Structural.CayleyDickson.S6HurwitzStopSeed,internal
CNNA.PillarA.Structural.CayleyDickson.S6QuaternionicSeed,CNNA.PillarA.Structural.CayleyDickson.S6RoleCompositionSeed,internal
CNNA.PillarA.Structural.CayleyDickson.S6ResearchReadinessBridge,CNNA.PillarA.Structural.CayleyDickson.S6ProofDutyGroups,internal
CNNA.PillarA.Structural.CayleyDickson.S6ResearchReadinessBridge,CNNA.PillarA.Structural.CayleyDickson.S6ResearchSchema,internal
CNNA.PillarA.Structural.CayleyDickson.S6ResearchSchema,CNNA.PillarA.Structural.CayleyDickson.S6HurwitzStopSeed,internal
CNNA.PillarA.Structural.CayleyDickson.S6RoleCompositionSeed,CNNA.PillarA.Structural.CayleyDickson.S6ConcreteSeeds,internal
CNNA.PillarA.Structural.CayleyDickson.S6Slot1AlternativeLaw,CNNA.PillarA.Structural.CayleyDickson.S6CanonicalProductMultiplicationCandidate,internal
CNNA.PillarA.Structural.CayleyDickson.S6Slot2NormSqMultiplicativity,CNNA.PillarA.Structural.CayleyDickson.S6DivisionConclusionDecomposition,internal
CNNA.PillarA.Structural.CayleyDickson.S6Slot3DivisionFromNormSqLogic,CNNA.PillarA.Structural.CayleyDickson.S6DivisionConclusionDecomposition,internal
CNNA.PillarA.Structural.CayleyDickson.S6Slot3DivisionFromNormSqLogic,CNNA.PillarA.Structural.CayleyDickson.S6Slot2NormSqMultiplicativity,internal
CNNA.PillarA.Structural.CayleyDickson.S6StatusLayer,CNNA.PillarA.Structural.CayleyDickson.S6AdditionalFinding,internal
CNNA.PillarA.Structural.CayleyDickson.Source,CNNA.PillarA.Closure.RegularizationClosure,internal
CNNA.PillarA.Structural.CayleyDickson.Source,CNNA.PillarA.Coupling.MultiSchur,internal
CNNA.PillarA.Structural.CayleyDickson.Source,CNNA.PillarA.Network.InfiniteCarrier,internal
CNNA.PillarA.ToC.Addressing,CNNA.PillarA.Foundation.Notation,internal
CNNA.PillarA.ToC.Addressing,CNNA.PillarA.ToC.Contract,internal
CNNA.PillarA.ToC.BuildAll,CNNA.PillarA.ToC.Addressing,internal
CNNA.PillarA.ToC.BuildAll,CNNA.PillarA.ToC.Concrete,internal
CNNA.PillarA.ToC.BuildAll,CNNA.PillarA.ToC.ConcreteIdeal,internal
CNNA.PillarA.ToC.BuildAll,CNNA.PillarA.ToC.Contract,internal
CNNA.PillarA.ToC.BuildAll,CNNA.PillarA.ToC.GeneratedBranchFamily,internal
CNNA.PillarA.ToC.BuildAll,CNNA.PillarA.ToC.IdealAddressEquiv,internal
CNNA.PillarA.ToC.BuildAll,CNNA.PillarA.ToC.Notation,internal
CNNA.PillarA.ToC.Concrete,CNNA.PillarA.Foundation.Determinism,internal
CNNA.PillarA.ToC.Concrete,CNNA.PillarA.Foundation.LevelVariableSubstrate,internal
CNNA.PillarA.ToC.Concrete,CNNA.PillarA.ToC.ConcreteIdeal,internal
CNNA.PillarA.ToC.Concrete,CNNA.PillarA.ToC.IdealAddressEquiv,internal
CNNA.PillarA.ToC.ConcreteIdeal,CNNA.PillarA.Foundation.ConcreteSubstrate,internal
CNNA.PillarA.ToC.ConcreteIdeal,CNNA.PillarA.ToC.IdealAddressEquiv,internal
CNNA.PillarA.ToC.Contract,CNNA.PillarA.Foundation.Determinism,internal
CNNA.PillarA.ToC.Contract,CNNA.PillarA.Foundation.Notation,internal
CNNA.PillarA.ToC.GeneratedBranchFamily,CNNA.PillarA.Foundation.ConcreteSubstrate,internal
CNNA.PillarA.ToC.GeneratedBranchFamily,CNNA.PillarA.Foundation.LevelVariableSubstrate,internal
CNNA.PillarA.ToC.GeneratedBranchFamily,CNNA.PillarA.ToC.Concrete,internal
CNNA.PillarA.ToC.IdealAddressEquiv,CNNA.PillarA.ToC.Addressing,internal
CNNA.PillarA.ToC.Notation,CNNA.PillarA.ToC.Concrete,internal
CNNA.PillarA.ToC.Notation,CNNA.PillarA.ToC.ConcreteIdeal,internal
CNNA.PillarB,CNNA.PillarB.BuildAll,internal
CNNA.PillarC,CNNA.PillarC.BuildAll,internal
CNNA.PillarD,CNNA.PillarD.BuildAll,internal
CNNA.PillarE,CNNA.PillarE.BuildAll,internal
CNNA.PillarA.Arithmetic.BoundarySource.LevelHistoryMatrix,Mathlib.Data.Matrix.Basic,external
CNNA.PillarA.Arithmetic.Schur.CharpolyExec,Mathlib.LinearAlgebra.Matrix.Determinant.Basic,external
CNNA.PillarA.Finite.ChannelSeed,Mathlib.Algebra.BigOperators.Ring.Finset,external
CNNA.PillarA.Finite.ChannelSeed,Mathlib.Data.Fintype.Prod,external
CNNA.PillarA.Finite.ChannelSeed,Mathlib.LinearAlgebra.Matrix.Trace,external
CNNA.PillarA.Finite.GibbsStateSeed,Mathlib.Analysis.SpecialFunctions.Exponential,external
CNNA.PillarA.Finite.GibbsStateSeed,Mathlib.LinearAlgebra.Matrix.Trace,external
CNNA.PillarA.Finite.MatrixExponential,Mathlib.Algebra.BigOperators.Ring.Finset,external
CNNA.PillarA.Finite.MatrixExponential,Mathlib.Analysis.Normed.Algebra.MatrixExponential,external
CNNA.PillarA.Finite.SpectralDecompositionC,Mathlib.Analysis.Matrix.Spectrum,external
CNNA.PillarA.Finite.SpectralDecompositionCore,Mathlib.LinearAlgebra.Matrix.Determinant.Basic,external
CNNA.PillarA.Finite.SpectralDecompositionCore,Mathlib.LinearAlgebra.Matrix.Trace,external
CNNA.PillarA.Finite.StateSpace,Mathlib.LinearAlgebra.Matrix.Trace,external
CNNA.PillarA.Finite.UnitaryEvolution,Mathlib.Analysis.Complex.Exponential,external
CNNA.PillarA.Foundation.ConcreteSubstrate,Mathlib.Data.Fin.Basic,external
CNNA.PillarA.Foundation.ConcreteSubstrate,Mathlib.Data.Finset.Image,external
CNNA.PillarA.Foundation.ConcreteSubstrate,Mathlib.Data.Fintype.Pi,external
CNNA.PillarA.Foundation.Determinism,Mathlib,external
CNNA.PillarA.Foundation.ExecComplex,Mathlib.Algebra.Ring.MinimalAxioms,external
CNNA.PillarA.Foundation.ExecComplex,Mathlib.Algebra.Ring.Rat,external
CNNA.PillarA.Foundation.ExecComplex,Mathlib.Algebra.Star.Basic,external
CNNA.PillarA.Foundation.ExecComplex,Mathlib.Tactic.Ext,external
CNNA.PillarA.Foundation.ExecComplex,Mathlib.Tactic.Ring,external
CNNA.PillarA.Foundation.ExecComplexBridge,Mathlib.Algebra.BigOperators.Ring.Finset,external
CNNA.PillarA.Foundation.ExecComplexBridge,Mathlib.Data.Complex.Basic,external
CNNA.PillarA.Foundation.ExecComplexBridge,Mathlib.Data.Rat.BigOperators,external
CNNA.PillarA.Foundation.ExecComplexBridge,Mathlib.Data.Rat.Cast.Order,external
CNNA.PillarA.Foundation.FiniteHilbert,Mathlib.Algebra.BigOperators.Ring.Finset,external
CNNA.PillarA.Foundation.HermitianStructure,Mathlib.Algebra.Star.Basic,external
CNNA.PillarA.Foundation.HermitianStructure,Mathlib.LinearAlgebra.Matrix.Hermitian,external
CNNA.PillarA.Foundation.LevelVariableSubstrate,Mathlib.Data.Fin.Basic,external
CNNA.PillarA.Foundation.LevelVariableSubstrate,Mathlib.Data.Finset.Image,external
CNNA.PillarA.Foundation.LevelVariableSubstrate,Mathlib.Data.Fintype.Pi,external
CNNA.PillarA.Foundation.MatrixAlgebra,Mathlib.Algebra.BigOperators.Ring.Finset,external
CNNA.PillarA.Foundation.MatrixAlgebra,Mathlib.Data.Matrix.Basic,external
CNNA.PillarA.Foundation.MatrixAlgebra,Mathlib.LinearAlgebra.Matrix.ConjTranspose,external
CNNA.PillarA.Foundation.MatrixNorms,Mathlib.Algebra.BigOperators.Ring.Finset,external
CNNA.PillarA.Foundation.MatrixNorms,Mathlib.Data.Matrix.Basic,external
CNNA.PillarA.Foundation.MatrixNorms,Mathlib.Data.Real.Basic,external
CNNA.PillarA.Foundation.RegularizationPolicy,Mathlib.Data.Rat.Cast.Order,external
CNNA.PillarA.Foundation.SubstrateClass,Mathlib,external
CNNA.PillarA.Foundation.WeightPolicy,Mathlib.Data.Rat.Cast.Order,external
CNNA.PillarA.Geometry.LCPMeasure,Mathlib.Data.Nat.Find,external
