context_score	matched_terms	ID	Object	Phase	Documented	Source objects	Definitions	Proof target	Proof sketch	Verification / audit	Next documentation action
64	module consolidation; merge; no-merge; refactor; facade; compatibility; leg36; gng26; scf43; scf45; rd08; reuse; duplication; module manifest; import graph; boundarysource; handoff; smoke; proof-stage; consumer	LEG36	Semantic module consolidation ledger	1.1.1.1.5	active-prepared	LEG10 module manifest; LEG11 reuse/duplication ledger; LEG5 consumption classification map; repo_inventory/raw_export modules/import_edges/symbol references; direct code spot-checks of candidate clusters.	Compatibility-preserving merge/no-merge ledger for semantically related Lean modules. It distinguishes true duplicate/schema families from proof-stage chains where module granularity carries derivation provenance.	Before any new substantive Lean implementation, close a bounded audit stating which module families should be consolidated, which require only facade aliases, which must remain separated, and which later refactor package may safely execute the changes.	Use the generated import/declaration inventory to identify module clusters, then spot-check candidate code. High-confidence candidates include clone-like BoundarySource substrate ledger modules and Handoff input/output schema aliases. Smoke/SM and Cayley-Dickson S6 chains are treated as no-merge-until-proven because their file boundaries encode proof/phase progression. Any accepted consolidation must preserve old imports through facades first, then record import graph delta, declaration delta, consumer breakage audit, and local full-build evidence.	V1.12 records the audit as an active gate, adds SCF43-SCF45, GNG26, RD08, a workflow row, and a report. No Lean source was moved. Local Lean build evidence is required for any later actual consolidation.	Run the active Phase 1.1.1.1.5 audit to fill the ledger with exact candidate rows and decide whether to open a bounded Lean refactor execution phase before returning to 1.1.1.2.
8	refactor; import graph; notation; consumer	LEG21	Refactor regression and incremental migration protocol	1.1.1.1.0.3	yes	Notation.lean audit; wrapper-first policy; global build rule	Bounded migration package; declaration migrated count; import graph delta; consumer breakage audit; local full-build evidence	Show refactor phases cannot close without regression evidence and cannot delete legacy/status material prematurely.	Planning proof: scratchpad fields and workflow policy require migration metrics and build evidence for refactor closeout.	Generator renders workflow and scratchpad fields; Lean build not run here.	For Phase 1.1.2, fill concrete declaration families and migration batch size before editing code.
8	compatibility; handoff; notation; public api	LEG3	Legacy phase aliases compatibility surface	1.1.4	no	Notation split inventory and frozen historical modules.	Historical phase-semantic aliases and old names are retained behind a legacy module, not exposed as new public API.	Not yet documented in v25 proofbook. Must be filled before public-final promotion or handoff exposure.	Pending. Use checked code derivation site as primary evidence; prose is secondary and must not introduce new assumptions.	Pending. For blue objects, semantic/API correction remains required even if proof-carrying code exists.	Fill during the object's natural correction/implementation phase; do not duplicate in phase-local prose.
7	merge; module manifest; consumer	LEG35	Ontic subsystem-minimality contract	1.1.1.1.0.16	yes	IDEAL_infty formal provenance whole; subsystem/cut/approximant; complement-family/regime split; Schur/DtN effective operator path	Subsystem-being is the only primitive ontic emergence trigger: a finite/local subsystem, cut or approximant is selected inside IDEAL_infty. IDEAL_infty remains the formal relational/provenance whole. Boundary, inside/outside, complement families, regimes, operators, spectra, algebra, arithmetic, geometry, dynamics and physics are downstream derived consequences or comparison-only interpretations.	Prevent any phase from importing dynamics, physics, stochasticity, geometry, arithmetic, operator algebra, environment or unitarity as primitive data beyond subsystem-being.	Declare POST1 as global postulate. Route every later non-subsystem object through source-object chains beginning with cut/approximant and passing through boundary/regime/complement and Schur/DtN or a certified later bridge. Add GNG22 so missing structure forces backjump to the natural generating layer rather than consumer-side patching.	Generated global-postulate table, GNG22, workflow policy and LEG35 dossier must be present before active implementation. Future phase audits must state whether physical/arithmetic/geometric claims are derived or comparison-only.	When implementation starts, require the module manifest and proof dossiers to record the subsystem/cut provenance chain for every consumer that mentions dynamics, geometry, arithmetic, stochasticity, openness, unitarity or physics.
6	merge; handoff	BR05	Pre/post-emergence switch for A statements	17.5	no	BR00-BR04; regime profile.	Profile distinguishing pre-emergence and post-emergence interpretation of A statements.	Not yet documented in v25 proofbook. Must be filled before public-final promotion or handoff exposure.	Pending. Use checked code derivation site as primary evidence; prose is secondary and must not introduce new assumptions.	Pending. For blue objects, semantic/API correction remains required even if proof-carrying code exists.	Fill during the object's natural correction/implementation phase; do not duplicate in phase-local prose.
6	compatibility; handoff	LEG1	Legacy single-constructor status gates	1.1.2	no	frozen SM9h legacy status declarations; no new semantics.	Historical single-constructor status enums retained for compatibility but quarantined outside the neutral public surface.	Not yet documented in v25 proofbook. Must be filled before public-final promotion or handoff exposure.	Pending. Use checked code derivation site as primary evidence; prose is secondary and must not introduce new assumptions.	Pending. For blue objects, semantic/API correction remains required even if proof-carrying code exists.	Fill during the object's natural correction/implementation phase; do not duplicate in phase-local prose.
6	merge; consumer	LEG18	Open-system emergence-path forensics	19.3	no	future checked object dossiers and source-sink/dominator path analysis over relevant modules.	A diagnostic map locating formal proof/module paths from regime/complement/boundary data toward effective open-system dynamics consumers.	Secondary long-term target only. Before activation, prove/verify that this dossier consumes generated code/proof metadata only and does not introduce CNNA-generative input.	Pending. The eventual proof/documentation route should be: generated repository graph or checked object dossiers -> explicit diagnostic record -> review-only report. No operational Lean theorem or CNNA object may depend on the diagnostic as an axiom.	Pending. Must audit derived-only boundary and confirm that use is documentation/diagnostic/comparison-only.	Keep black/secondary until the relevant Phase 1.x cleanup and later core derivations are stable; then fill source-specific diagnostic evidence.
5	compatibility	CD8	Arithmetic-CD compatibility as Schur-duality corollary	10.4.2	no - dependency-order corrected in v31	BR08/BR09; CD normSq and norm-multiplicativity data CD3/CD6/CD7; arithmetic discriminant/norm route O05 and later N-objects; transfermatrix route TM0-TM2.	CDArithmeticCompatibilityProfile as a corollary of horizontal/vertical Schur-duality, not as a free norm analogy.	Prove that the CD-side norm structure and arithmetic-side norm/discriminant structure are compatible because both are derived from the same multiscale Schur decomposition, under the exact hypotheses proved in BR08.	Defer proof until BR08 is closed. Do not use source-file similarity, physical analogy, or Hurwitz/CM comparison prose as proof. First export precise norm objects from both routes, then build a coordinate/entry-level bridge.	Current code modules are source/seed only. The v31 audit corrects the derivation order: Phase 6.5 may collect preconditions but not close CD8.	When Phase 10.4.2 activates, split if necessary into norm-source alignment, coordinate bridge, and final compatibility theorem.
5	refactor	LEG15	Mathlib complication and noncomputable-boundary log	1.1.1.1.0.1	yes-infrastructure	global noncomputable/classical no-go rules; expected mathlib imports; observed compiler barriers; mirror/non-operational isolation policy	MathlibComplicationLog records import candidates, computability risk, noncomputable/classical leak status, mitigation, and natural refactor layer.	Mathlib complications are not hidden in operational code and cannot silently weaken the computable-path invariant.	Each scratchpad record contains mathlib_complication_log, noncomputable_boundary_audit, and mathlib_mitigation_or_refactor_layer; active phases must record the risk state before code changes.	Generated scratchpad renders the fields; future implementation closeout must compare them to compiler/build evidence.	Replace generic placeholders by concrete mathlib module names and observed error/warning evidence during each implementation phase.
5	refactor	LEG23	Phase-type-specific scratchpad schema and governance retrospective	1.1.1.1.0.5	yes	Scratchpad schema; governance-to-math ratio concern; refactor vs derivation evidence mismatch	phase_type plus type-specific contract and governance_overhead_review	Make scratchpad evidence fit the phase type and force a retrospective after first code refactor.	Planning proof: generator requires/renders phase_type fields and workflows define type-specific obligations.	Rendered scratchpad includes the new fields; enforcement is schema-level, not Lean-level.	After Phase 1.1.2, record which governance gates prevented concrete errors and whether to flatten Phase 3+.
